+० 	 karma-kANDam/12-adhyAyAH/granthAH/kumArilabhaTTaH/nArAyaNa-bhaTTaH_mAna-meyodayaH/0/
+० 	 karma-kANDam/12-adhyAyAH/granthAH/paTTAbhirAmaH_mImAMsA-naya-manjarI/0/
+०१ 	 karma-kANDam/12-adhyAyAH/adhikaraNAni/01/1/
+०१ १ 	 karma-kANDam/12-adhyAyAH/granthAH/mAdhavaH_nyAya-mAlA-vistaraH/01/
+०१ अध्यायः १ 	 karma-kANDam/12-adhyAyAH/granthAH/shabara-bhAShyam/01/
+०१ प्रमाणाध्यायः 	 karma-kANDam/12-adhyAyAH/adhikaraNAni/01/
+०१ बोधः 	 karma-kANDam/12-adhyAyAH/bodhaH/
+०२ 	 karma-kANDam/12-adhyAyAH/adhikaraNAni/01/2/
+०२ २ 	 karma-kANDam/12-adhyAyAH/granthAH/mAdhavaH_nyAya-mAlA-vistaraH/02/
+०२ अध्यायः २ 	 karma-kANDam/12-adhyAyAH/granthAH/shabara-bhAShyam/02/
+०३ ३ 	 karma-kANDam/12-adhyAyAH/granthAH/mAdhavaH_nyAya-mAlA-vistaraH/03/
+०३ अध्यायः ३ 	 karma-kANDam/12-adhyAyAH/granthAH/shabara-bhAShyam/03/
+०४ २ 	 karma-kANDam/12-adhyAyAH/granthAH/paTTAbhirAmaH_mImAMsA-naya-manjarI/2/
+०४ ४ 	 karma-kANDam/12-adhyAyAH/granthAH/mAdhavaH_nyAya-mAlA-vistaraH/04/
+०४ अध्यायः ४ 	 karma-kANDam/12-adhyAyAH/granthAH/shabara-bhAShyam/04/
+०५ ३ तृतीयोऽध्यायः 	 karma-kANDam/12-adhyAyAH/granthAH/paTTAbhirAmaH_mImAMsA-naya-manjarI/3/
+०५ अध्यायः ५ 	 karma-kANDam/12-adhyAyAH/granthAH/shabara-bhAShyam/05/
+०६ अध्यायः ६ 	 karma-kANDam/12-adhyAyAH/granthAH/shabara-bhAShyam/06/
+०७ अध्यायः ७ 	 karma-kANDam/12-adhyAyAH/granthAH/shabara-bhAShyam/07/
+०८ ६ षष्ठोऽध्यायः 	 karma-kANDam/12-adhyAyAH/granthAH/paTTAbhirAmaH_mImAMsA-naya-manjarI/6/
+1.2 	 karma-kANDam/12-adhyAyAH/granthAH/kumArilabhaTTaH/tantra-vArttikam/mUlam/1_2/
+1.3 	 karma-kANDam/12-adhyAyAH/granthAH/kumArilabhaTTaH/tantra-vArttikam/mUlam/1_3/
+1.4 	 karma-kANDam/12-adhyAyAH/granthAH/kumArilabhaTTaH/tantra-vArttikam/mUlam/1_4/
+११ परिशिष्टम् 	 karma-kANDam/12-adhyAyAH/granthAH/paTTAbhirAmaH_mImAMsA-naya-manjarI/9_parishiShTam/
+2.1 	 karma-kANDam/12-adhyAyAH/granthAH/kumArilabhaTTaH/tantra-vArttikam/mUlam/2_1/
+2.2 	 karma-kANDam/12-adhyAyAH/granthAH/kumArilabhaTTaH/tantra-vArttikam/mUlam/2_2/
+2.3 	 karma-kANDam/12-adhyAyAH/granthAH/kumArilabhaTTaH/tantra-vArttikam/mUlam/2_3/
+2.4 	 karma-kANDam/12-adhyAyAH/granthAH/kumArilabhaTTaH/tantra-vArttikam/mUlam/2_4/
+3.1 	 karma-kANDam/12-adhyAyAH/granthAH/kumArilabhaTTaH/tantra-vArttikam/mUlam/3_1/
+3.2 	 karma-kANDam/12-adhyAyAH/granthAH/kumArilabhaTTaH/tantra-vArttikam/mUlam/3_2/
+3.3 	 karma-kANDam/12-adhyAyAH/granthAH/kumArilabhaTTaH/tantra-vArttikam/mUlam/3_3/
+3.4 	 karma-kANDam/12-adhyAyAH/granthAH/kumArilabhaTTaH/tantra-vArttikam/mUlam/3_4/
+3.5 	 karma-kANDam/12-adhyAyAH/granthAH/kumArilabhaTTaH/tantra-vArttikam/mUlam/3_5/
+3.6 	 karma-kANDam/12-adhyAyAH/granthAH/kumArilabhaTTaH/tantra-vArttikam/mUlam/3_6/
+3.7 	 karma-kANDam/12-adhyAyAH/granthAH/kumArilabhaTTaH/tantra-vArttikam/mUlam/3_7/
+3.8 	 karma-kANDam/12-adhyAyAH/granthAH/kumArilabhaTTaH/tantra-vArttikam/mUlam/3_8/
+Articles 	 devatA-kANDam/articles/
+Articles 	 karma-kANDam/12-adhyAyAH/bodhaH/veda-vAkyam/shabdArthaH/articles/
+Articles 	 karma-kANDam/12-adhyAyAH/meta/articles/
+Articles 	 karma-kANDam/sankarSha-kANDam/articles/
+Elisa 	 karma-kANDam/12-adhyAyAH/meta/articles/elisa/
+N Ar Aya Na bha T Ta H m Ana meyodaya H 	 karma-kANDam/12-adhyAyAH/granthAH/kumArilabhaTTaH/nArAyaNa-bhaTTaH_mAna-meyodayaH/
+sankarSha 	 karma-kANDam/sankarSha-kANDam/
+sp 	 karma-kANDam/12-adhyAyAH/granthAH/shalIkaNTaH/sarva-prastutiH/
+режрей рез 	 karma-kANDam/12-adhyAyAH/granthAH/paTTAbhirAmaH_mImAMsA-naya-manjarI/1/
+режрем рек 	 karma-kANDam/12-adhyAyAH/granthAH/paTTAbhirAmaH_mImAMsA-naya-manjarI/4/
+режрен рел 	 karma-kANDam/12-adhyAyAH/granthAH/paTTAbhirAmaH_mImAMsA-naya-manjarI/5/
+режреп рен 	 karma-kANDam/12-adhyAyAH/granthAH/paTTAbhirAmaH_mImAMsA-naya-manjarI/7/
+резреж рео 	 karma-kANDam/12-adhyAyAH/granthAH/paTTAbhirAmaH_mImAMsA-naya-manjarI/8/
+अधिकरणानि 	 karma-kANDam/12-adhyAyAH/adhikaraNAni/
+अशि-मीमांसम् 	 karma-kANDam/12-adhyAyAH/meta/
+आपदेवः 	 karma-kANDam/12-adhyAyAH/bodhaH/nyAyaH/ApadevaH/
+उत्तमूरु-वीरराघवः 	 karma-kANDam/12-adhyAyAH/granthAH/rAmAnuja-sampradAyaH/uttamUru-vIrarAghavaH/
+उम्बेक-टीका 	 karma-kANDam/12-adhyAyAH/granthAH/kumArilabhaTTaH/shloka-vArttikam/umbeka-TIkA/
+कर्म-काण्डम् 	 karma-kANDam/
+कुमारिलभट्टः 	 karma-kANDam/12-adhyAyAH/granthAH/kumArilabhaTTaH/
+कुमारिलस्वामी 	 karma-kANDam/12-adhyAyAH/granthAH/kumArilabhaTTaH/kumArilasvAmI/
+खण्डदेवः 	 karma-kANDam/12-adhyAyAH/granthAH/kumArilabhaTTaH/khaNDadevaH/
+ग्रन्थाः 	 karma-kANDam/12-adhyAyAH/granthAH/
+चित्राणि 	 karma-kANDam/12-adhyAyAH/images/
+जैमिनीयन्यायमालाविस्तरः 	 karma-kANDam/12-adhyAyAH/granthAH/mAdhavaH_nyAya-mAlA-vistaraH/
+तन्त्रवार्तिकम् 	 karma-kANDam/12-adhyAyAH/granthAH/kumArilabhaTTaH/tantra-vArttikam/
+देवता-काण्डम् 	 devatA-kANDam/
+देशिकाचार्यः 	 karma-kANDam/12-adhyAyAH/granthAH/deshikAchAryaH/
+धर्मपुरी-रामानुजः 	 dharmapurI-rAmAnujaH/
+नन्दीश्वरः 	 karma-kANDam/12-adhyAyAH/granthAH/prabhAkaramishraH/nandIshvaraH/
+नारायणतीर्थमुनिः 	 karma-kANDam/12-adhyAyAH/granthAH/kumArilabhaTTaH/nArAyaNatIrthamuniH/
+निरुक्तम् 	 karma-kANDam/12-adhyAyAH/bodhaH/veda-vAkyam/niruktam/
+न्याय-सुधा 	 karma-kANDam/12-adhyAyAH/granthAH/kumArilabhaTTaH/tantra-vArttikam/someshvaraH_nyAya-sudhA/
+पार्थसारथिमिश्रः 	 karma-kANDam/12-adhyAyAH/granthAH/kumArilabhaTTaH/pArthasArathimishraH/
+प्रभाकरमिश्रः 	 karma-kANDam/12-adhyAyAH/granthAH/prabhAkaramishraH/
+भवनाथः 	 karma-kANDam/12-adhyAyAH/granthAH/bhavanAthaH/
+मच्छलिक-नाथः 	 karma-kANDam/12-adhyAyAH/granthAH/shalIkaNTaH/
+महाप्रभुलाल्गोस्वामी 	 karma-kANDam/12-adhyAyAH/meta/articles/mahAprabhulAlgosvAmI/
+मीमांसा 	 
+मीमांसा-परिभाषा 	 karma-kANDam/12-adhyAyAH/granthAH/kRShNa-yajvA_mImAMsA-paribhAShA/
+मीमांसा-पादुका 	 karma-kANDam/12-adhyAyAH/granthAH/rAmAnuja-sampradAyaH/mImAMsA-pAdukA/
+मीमांसानयमञ्जरी 	 karma-kANDam/12-adhyAyAH/granthAH/paTTAbhirAmaH_mImAMsA-naya-manjarI/
+मूलम् 	 karma-kANDam/12-adhyAyAH/granthAH/kumArilabhaTTaH/tantra-vArttikam/mUlam/
+युधिष्ठिरः 	 karma-kANDam/12-adhyAyAH/granthAH/kumArilabhaTTaH/shloka-vArttikam/yudhiShThira-mImAMsakaH/
+रविदेवः 	 karma-kANDam/12-adhyAyAH/granthAH/ravidevaH/
+रामानुज-सम्प्रदायः 	 karma-kANDam/12-adhyAyAH/granthAH/rAmAnuja-sampradAyaH/
+लौगाक्षिभास्करः 	 karma-kANDam/12-adhyAyAH/granthAH/laugAxibhAskaraH/
+वरदराजबुधवर्यः 	 karma-kANDam/12-adhyAyAH/granthAH/varadarAjabudhavaryaH/
+वामेश्वरध्वजः 	 karma-kANDam/12-adhyAyAH/granthAH/vAmeshvaradhvajaH/
+विद्यासागर-आनन्दपूर्णमुनीन्द्रः 	 karma-kANDam/12-adhyAyAH/granthAH/vidyAsAgara-AnandapUrNamunIndraH/
+वेङ्कटाचार्यदीक्षितः 	 karma-kANDam/12-adhyAyAH/granthAH/venkaTAchAryadIxitaH/
+वेदवाक्यम् 	 karma-kANDam/12-adhyAyAH/bodhaH/veda-vAkyam/
+शबरभाष्यम् 	 karma-kANDam/12-adhyAyAH/granthAH/shabara-bhAShyam/
+शब्दार्थः 	 karma-kANDam/12-adhyAyAH/bodhaH/veda-vAkyam/shabdArthaH/
+शालिनाथमिश्रः 	 karma-kANDam/12-adhyAyAH/granthAH/shAlinAthamishraH/
+श्लोक-वार्त्तिकम् 	 karma-kANDam/12-adhyAyAH/granthAH/kumArilabhaTTaH/shloka-vArttikam/
+सर्व-प्रस्तुतिः 	 karma-kANDam/12-adhyAyAH/granthAH/rAmAnuja-sampradAyaH/mImAMsA-pAdukA/sarva-prastutiH/
+सुचरितमिश्रः 	 karma-kANDam/12-adhyAyAH/granthAH/kumArilabhaTTaH/shloka-vArttikam/sucharitamishraH/
01 	 karma-kANDam/12-adhyAyAH/granthAH/shalIkaNTaH/sarva-prastutiH/01/
०१ १,१ 	 karma-kANDam/12-adhyAyAH/granthAH/mAdhavaH_nyAya-mAlA-vistaraH/01/01/
०१ १,१ 	 karma-kANDam/12-adhyAyAH/granthAH/shabara-bhAShyam/01/01/
०१ २,१ 	 karma-kANDam/12-adhyAyAH/granthAH/mAdhavaH_nyAya-mAlA-vistaraH/02/01/
०१ ३,१ 	 karma-kANDam/12-adhyAyAH/granthAH/mAdhavaH_nyAya-mAlA-vistaraH/03/01/
०१ ४,१ 	 karma-kANDam/12-adhyAyAH/granthAH/mAdhavaH_nyAya-mAlA-vistaraH/04/01/
०१ ५ १ 	 karma-kANDam/12-adhyAyAH/granthAH/paTTAbhirAmaH_mImAMsA-naya-manjarI/5/01_5_1/
०१ ७,१ 	 karma-kANDam/12-adhyAyAH/granthAH/shabara-bhAShyam/07/1/
01 FOREWORD 	 karma-kANDam/12-adhyAyAH/granthAH/kumArilabhaTTaH/nArAyaNa-bhaTTaH_mAna-meyodayaH/0/01_FOREWORD/
01 अर्थवादाधिकरणम् 	 karma-kANDam/12-adhyAyAH/granthAH/kumArilabhaTTaH/tantra-vArttikam/mUlam/1_2/01_arthavAdAdhikaraNam/
०१ अर्थवादाधिकरणम् 	 karma-kANDam/12-adhyAyAH/adhikaraNAni/01/2/01/
०१ अष्टमाध्यायस्य प्रथमः पादः 	 karma-kANDam/12-adhyAyAH/granthAH/paTTAbhirAmaH_mImAMsA-naya-manjarI/8/01_aShTamAdhyAyasya_prathamaH_pAdaH/
01 उद्भिदधिकरणम् 	 karma-kANDam/12-adhyAyAH/granthAH/kumArilabhaTTaH/tantra-vArttikam/mUlam/1_4/01_udbhidadhikaraNam/
01 उपांशुयाजाद्यर्थहविर्भ्यः शेषकार्याननुष्ठानाधिकरणम् 	 karma-kANDam/12-adhyAyAH/granthAH/kumArilabhaTTaH/tantra-vArttikam/mUlam/3_5/01_upAMshuyAjAdyarthahavirbhyaH_sheShakAryAnanuShThAnAdhikaraNam/
०१ चतुर्थाध्यायस्य प्रथमः पादः 	 karma-kANDam/12-adhyAyAH/granthAH/paTTAbhirAmaH_mImAMsA-naya-manjarI/4/01_chaturthAdhyAyasya_prathamaH_pAdaH/
०१ जिज्ञासा-योग्यता 	 karma-kANDam/12-adhyAyAH/adhikaraNAni/01/1/01-jijJNAsA-yogyatA/
०१ जिज्ञासासूत्रम् 	 karma-kANDam/12-adhyAyAH/granthAH/kumArilabhaTTaH/shloka-vArttikam/umbeka-TIkA/01_jijnAsAsUtram/
01 दक्षिणादानस्य यजमानकर्तृकत्वाधिकरणम् 	 karma-kANDam/12-adhyAyAH/granthAH/kumArilabhaTTaH/tantra-vArttikam/mUlam/3_8/01_daxiNAdAnasya_yajamAnakartRkatvAdhikaraNam/
०१ द्वितीयो भेदाध्यायः प्रथमः पादः 	 karma-kANDam/12-adhyAyAH/granthAH/paTTAbhirAmaH_mImAMsA-naya-manjarI/2/01_dvitIyo_bhedAdhyAyaH_prathamaH_pAdaH/
01 धर्मजिज्ञासाधिकरणम् 	 karma-kANDam/12-adhyAyAH/granthAH/rAmAnuja-sampradAyaH/mImAMsA-pAdukA/sarva-prastutiH/01_dharmajijnAsAdhikaraNam/
01 निवीताधिकरणम् 	 karma-kANDam/12-adhyAyAH/granthAH/kumArilabhaTTaH/tantra-vArttikam/mUlam/3_4/01_nivItAdhikaraNam/
01 पर्णतादेः प्रकृत्यर्थताधिकरणम् 	 karma-kANDam/12-adhyAyAH/granthAH/kumArilabhaTTaH/tantra-vArttikam/mUlam/3_6/01_parNatAdeH_prakRtyarthatAdhikaraNam/
०१ प्रथमः पादः 	 karma-kANDam/12-adhyAyAH/granthAH/paTTAbhirAmaH_mImAMsA-naya-manjarI/6/01_prathamaH_pAdaH/
०१ प्रथमपादः 	 karma-kANDam/12-adhyAyAH/granthAH/paTTAbhirAmaH_mImAMsA-naya-manjarI/3/01_prathamapAdaH/
०१ प्रथमाध्यायस्य प्रथमः पादः 	 karma-kANDam/12-adhyAyAH/granthAH/paTTAbhirAmaH_mImAMsA-naya-manjarI/1/01_prathamAdhyAyasya_prathamaH_pAdaH/
01 बर्हिरादीनामङ्गप्रधानसाधारण्याधिकरणम् 	 karma-kANDam/12-adhyAyAH/granthAH/kumArilabhaTTaH/tantra-vArttikam/mUlam/3_7/01_barhirAdInAmangapradhAnasAdhAraNyAdhikaraNam/
01 भावार्थाधिकरणम् 	 karma-kANDam/12-adhyAyAH/granthAH/kumArilabhaTTaH/tantra-vArttikam/mUlam/2_1/01_bhAvArthAdhikaraNam/
01 मन्त्राणां मुख्यार्थविनियोगाधिकरणम् 	 karma-kANDam/12-adhyAyAH/granthAH/kumArilabhaTTaH/tantra-vArttikam/mUlam/3_2/01_mantrANAM_mukhyArthaviniyogAdhikaraNam/
01 यावज्जीवाधिकरणम् 	 karma-kANDam/12-adhyAyAH/granthAH/kumArilabhaTTaH/tantra-vArttikam/mUlam/2_4/01_yAvajjIvAdhikaraNam/
01 रथंतराधिकरणम् 	 karma-kANDam/12-adhyAyAH/granthAH/kumArilabhaTTaH/tantra-vArttikam/mUlam/2_3/01_rathaMtarAdhikaraNam/
01 वेदोपक्रमाधिकरणम् 	 karma-kANDam/12-adhyAyAH/granthAH/kumArilabhaTTaH/tantra-vArttikam/mUlam/3_3/01_vedopakramAdhikaraNam/
01 शब्दान्तराधिकरणम् 	 karma-kANDam/12-adhyAyAH/granthAH/kumArilabhaTTaH/tantra-vArttikam/mUlam/2_2/01_shabdAntarAdhikaraNam/
01 शेषप्रतिज्ञाधिकरणम् 	 karma-kANDam/12-adhyAyAH/granthAH/kumArilabhaTTaH/tantra-vArttikam/mUlam/3_1/01_sheShapratijnAdhikaraNam/
०१ सप्तमोऽध्यायः प्रथमः पादः 	 karma-kANDam/12-adhyAyAH/granthAH/paTTAbhirAmaH_mImAMsA-naya-manjarI/7/01_saptamo_adhyAyaH_prathamaH_pAdaH/
01 स्मृत्याचारप्रामाण्याधिकरणम् 	 karma-kANDam/12-adhyAyAH/granthAH/kumArilabhaTTaH/tantra-vArttikam/mUlam/1_3/01_smRtyAchAraprAmANyAdhikaraNam/
02 	 karma-kANDam/12-adhyAyAH/granthAH/shalIkaNTaH/sarva-prastutiH/02/
०२ १,२ 	 karma-kANDam/12-adhyAyAH/granthAH/mAdhavaH_nyAya-mAlA-vistaraH/01/02/
०२ १,२ 	 karma-kANDam/12-adhyAyAH/granthAH/shabara-bhAShyam/01/02/
०२ २,१ 	 karma-kANDam/12-adhyAyAH/granthAH/shabara-bhAShyam/02/1/
०२ २,२ 	 karma-kANDam/12-adhyAyAH/granthAH/mAdhavaH_nyAya-mAlA-vistaraH/02/02/
०२ ३,२ 	 karma-kANDam/12-adhyAyAH/granthAH/mAdhavaH_nyAya-mAlA-vistaraH/03/02/
०२ ४,२ 	 karma-kANDam/12-adhyAyAH/granthAH/mAdhavaH_nyAya-mAlA-vistaraH/04/02/
०२ ७,२ 	 karma-kANDam/12-adhyAyAH/granthAH/shabara-bhAShyam/07/2/
02 CONTENTS 	 karma-kANDam/12-adhyAyAH/granthAH/kumArilabhaTTaH/nArAyaNa-bhaTTaH_mAna-meyodayaH/0/02_CONTENTS/
०२ अथ द्वितीयः पादः 	 karma-kANDam/12-adhyAyAH/granthAH/paTTAbhirAmaH_mImAMsA-naya-manjarI/2/02_atha_dvitIyaH_pAdaH/
०२ अथ द्वितीयः पादः 	 karma-kANDam/12-adhyAyAH/granthAH/paTTAbhirAmaH_mImAMsA-naya-manjarI/3/02_atha_dvitIyaH_pAdaH/
०२ अथाष्टमाध्यायस्य द्वितीयः पादः 	 karma-kANDam/12-adhyAyAH/granthAH/paTTAbhirAmaH_mImAMsA-naya-manjarI/8/02_athAShTamAdhyAyasya_dvitIyaH_pAdaH/
02 अनारभ्याधीतसाप्तदश्यस्य प्रकृतावनिवेशाधिकरणम् 	 karma-kANDam/12-adhyAyAH/granthAH/kumArilabhaTTaH/tantra-vArttikam/mUlam/3_6/02_anArabhyAdhItasAptadashyasya_prakRtAvaniveshAdhikaraNam/
02 अपूर्वाधिकरणम् 	 karma-kANDam/12-adhyAyAH/granthAH/kumArilabhaTTaH/tantra-vArttikam/mUlam/2_1/02_apUrvAdhikaraNam/
02 अभ्यासाधिकरणम् 	 karma-kANDam/12-adhyAyAH/granthAH/kumArilabhaTTaH/tantra-vArttikam/mUlam/2_2/02_abhyAsAdhikaraNam/
02 अवेष्ट्यधिकरणम् 	 karma-kANDam/12-adhyAyAH/granthAH/kumArilabhaTTaH/tantra-vArttikam/mUlam/2_3/02_aveShTyadhikaraNam/
02 ऐन्द्र्यधिकरणम् 	 karma-kANDam/12-adhyAyAH/granthAH/kumArilabhaTTaH/tantra-vArttikam/mUlam/3_2/02_aindryadhikaraNam/
02 औदुम्बराधिकरणम् 	 karma-kANDam/12-adhyAyAH/granthAH/kumArilabhaTTaH/tantra-vArttikam/mUlam/1_2/02_audumbarAdhikaraNam/
02 गुणमुख्यव्यतिक्रमाधिकरणम् 	 karma-kANDam/12-adhyAyAH/granthAH/kumArilabhaTTaH/tantra-vArttikam/mUlam/3_3/02_guNamukhyavyatikramAdhikaraNam/
०२ चतुर्थाध्याये द्वितीयः पादः 	 karma-kANDam/12-adhyAyAH/granthAH/paTTAbhirAmaH_mImAMsA-naya-manjarI/4/02_chaturthAdhyAye_dvitIyaH_pAdaH/
02 चित्राज्याधिकरणम् 	 karma-kANDam/12-adhyAyAH/granthAH/kumArilabhaTTaH/tantra-vArttikam/mUlam/1_4/02_chitrAjyAdhikaraNam/
०२ चोदनासूत्रम् 	 karma-kANDam/12-adhyAyAH/granthAH/kumArilabhaTTaH/shloka-vArttikam/umbeka-TIkA/02_chodanAsUtram/
०२ धर्मलक्षणम् 	 karma-kANDam/12-adhyAyAH/adhikaraNAni/01/1/02-dharmalaxaNam/
02 धर्मलक्षणाधिकरणम् 	 karma-kANDam/12-adhyAyAH/granthAH/rAmAnuja-sampradAyaH/mImAMsA-pAdukA/sarva-prastutiH/02_dharmalaxaNAdhikaraNam/
०२ पञ्चमाध्यायस्य द्वितीयः पादः 	 karma-kANDam/12-adhyAyAH/granthAH/paTTAbhirAmaH_mImAMsA-naya-manjarI/5/02_panchamAdhyAyasya_dvitIyaH_pAdaH/
०२ प्रथमाध्यायस्य द्वितीयः पादः 	 karma-kANDam/12-adhyAyAH/granthAH/paTTAbhirAmaH_mImAMsA-naya-manjarI/1/02_prathamAdhyAyasya_dvitIyaH_pAdaH/
02 यजमानसंस्काराणां प्रधानमात्रार्थताधिकरणम् 	 karma-kANDam/12-adhyAyAH/granthAH/kumArilabhaTTaH/tantra-vArttikam/mUlam/3_7/02_yajamAnasaMskArANAM_pradhAnamAtrArthatAdhikaraNam/
02 वपनादिसंस्काराणां याजमानत्वाधिकरणम् 	 karma-kANDam/12-adhyAyAH/granthAH/kumArilabhaTTaH/tantra-vArttikam/mUlam/3_8/02_vapanAdisaMskArANAM_yAjamAnatvAdhikaraNam/
02 वार्तिककारीयषट्सूत्रीव्याख्या 	 karma-kANDam/12-adhyAyAH/granthAH/kumArilabhaTTaH/tantra-vArttikam/mUlam/3_4/02_vArtikakArIyaShaTsUtrIvyAkhyA/
०२ विधिवन्निगदार्थवादः 	 karma-kANDam/12-adhyAyAH/adhikaraNAni/01/2/02/
02 शाखान्तराधिकरणम् 	 karma-kANDam/12-adhyAyAH/granthAH/kumArilabhaTTaH/tantra-vArttikam/mUlam/2_4/02_shAkhAntarAdhikaraNam/
02 शेषत्वनिर्वचनाधिकरणम् 	 karma-kANDam/12-adhyAyAH/granthAH/kumArilabhaTTaH/tantra-vArttikam/mUlam/3_1/02_sheShatvanirvachanAdhikaraNam/
02 श्रुतिविरुद्धस्मृतीनामप्रामाण्याधिकरणम् 	 karma-kANDam/12-adhyAyAH/granthAH/kumArilabhaTTaH/tantra-vArttikam/mUlam/1_3/02_shrutiviruddhasmRtInAmaprAmANyAdhikaraNam/
०२ षष्ठाध्यायस्य द्वितीयः पादः 	 karma-kANDam/12-adhyAyAH/granthAH/paTTAbhirAmaH_mImAMsA-naya-manjarI/6/02_ShaShThAdhyAyasya_dvitIyaH_pAdaH/
०२ सप्तमाध्यायस्य द्वितीयः पादः 	 karma-kANDam/12-adhyAyAH/granthAH/paTTAbhirAmaH_mImAMsA-naya-manjarI/7/02_saptamAdhyAyasya_dvitIyaH_pAdaH/
02 साकंप्रस्थायीये शेषकार्याननुष्ठानाधिकरणम् 	 karma-kANDam/12-adhyAyAH/granthAH/kumArilabhaTTaH/tantra-vArttikam/mUlam/3_5/02_sAkaMprasthAyIye_sheShakAryAnanuShThAnAdhikaraNam/
03 	 karma-kANDam/12-adhyAyAH/granthAH/shalIkaNTaH/sarva-prastutiH/03/
०३ १,३ 	 karma-kANDam/12-adhyAyAH/granthAH/mAdhavaH_nyAya-mAlA-vistaraH/01/03/
०३ १,३ 	 karma-kANDam/12-adhyAyAH/granthAH/shabara-bhAShyam/01/03/
०३ २,२ 	 karma-kANDam/12-adhyAyAH/granthAH/shabara-bhAShyam/02/2/
०३ २,३ 	 karma-kANDam/12-adhyAyAH/granthAH/mAdhavaH_nyAya-mAlA-vistaraH/02/03/
०३ ३,३ 	 karma-kANDam/12-adhyAyAH/granthAH/mAdhavaH_nyAya-mAlA-vistaraH/03/03/
०३ ४,३ 	 karma-kANDam/12-adhyAyAH/granthAH/mAdhavaH_nyAya-mAlA-vistaraH/04/03/
०३ ६ ३ 	 karma-kANDam/12-adhyAyAH/granthAH/paTTAbhirAmaH_mImAMsA-naya-manjarI/6/03_6_3/
०३ ७,३ 	 karma-kANDam/12-adhyAyAH/granthAH/shabara-bhAShyam/07/3/
03 DETAILED CONTENTS OF THE TEXT 	 karma-kANDam/12-adhyAyAH/granthAH/kumArilabhaTTaH/nArAyaNa-bhaTTaH_mAna-meyodayaH/0/03_DETAILED_CONTENTS_OF_THE_TEXT/
०३ अष्टमाध्यायस्य द्वितीयः पादः 	 karma-kANDam/12-adhyAyAH/granthAH/paTTAbhirAmaH_mImAMsA-naya-manjarI/8/03_aShTamAdhyAyasya_dvitIyaH_pAdaH/
०३ चतुर्थाध्यायस्य तृतीयः पादः 	 karma-kANDam/12-adhyAyAH/granthAH/paTTAbhirAmaH_mImAMsA-naya-manjarI/4/03_chaturthAdhyAyasya_tRtIyaH_pAdaH/
03 तत्प्रख्याधिकरणम् 	 karma-kANDam/12-adhyAyAH/granthAH/kumArilabhaTTaH/tantra-vArttikam/mUlam/1_4/03_tatprakhyAdhikaraNam/
03 तपसो याजमानत्वाधिकरणम् 	 karma-kANDam/12-adhyAyAH/granthAH/kumArilabhaTTaH/tantra-vArttikam/mUlam/3_8/03_tapaso_yAjamAnatvAdhikaraNam/
03 तानिद्वैधाधिकरणम् 	 karma-kANDam/12-adhyAyAH/granthAH/kumArilabhaTTaH/tantra-vArttikam/mUlam/2_1/03_tAnidvaidhAdhikaraNam/
०३ तृतीयाध्यायस्य तृतीयः पादः 	 karma-kANDam/12-adhyAyAH/granthAH/paTTAbhirAmaH_mImAMsA-naya-manjarI/3/03_tRtIyAdhyAyasya_tRtIyaH_pAdaH/
03 दिग्विभागाधिकरणम् । परुषिदिताधिकरणं च 	 karma-kANDam/12-adhyAyAH/granthAH/kumArilabhaTTaH/tantra-vArttikam/mUlam/3_4/03_digvibhAgAdhikaraNam_paruShiditAdhikaraNaM_cha/
०३ द्वितीयाध्यायस्य तृतीयः पादः 	 karma-kANDam/12-adhyAyAH/granthAH/paTTAbhirAmaH_mImAMsA-naya-manjarI/2/03_dvitIyAdhyAyasya_tRtIyaH_pAdaH/
०३ धर्म-प्रमाण-परीक्षा 	 karma-kANDam/12-adhyAyAH/adhikaraNAni/01/1/03-dharma-pramANa-parIxA/
03 धर्मप्रमाणपरीक्षाधिकरणम् 	 karma-kANDam/12-adhyAyAH/granthAH/rAmAnuja-sampradAyaH/mImAMsA-pAdukA/sarva-prastutiH/03_dharmapramANaparIxAdhikaraNam/
०३ निमित्तसूत्रम् 	 karma-kANDam/12-adhyAyAH/granthAH/kumArilabhaTTaH/shloka-vArttikam/umbeka-TIkA/03_nimittasUtram/
03 नैमित्तिकसाप्तदश्यादेः प्रकृत्यर्थताधिकरणम् 	 karma-kANDam/12-adhyAyAH/granthAH/kumArilabhaTTaH/tantra-vArttikam/mUlam/3_6/03_naimittikasAptadashyAdeH_prakRtyarthatAdhikaraNam/
०३ पञ्चमाध्यायस्य तृतीयः पादः 	 karma-kANDam/12-adhyAyAH/granthAH/paTTAbhirAmaH_mImAMsA-naya-manjarI/5/03_panchamAdhyAyasya_tRtIyaH_pAdaH/
03 पौर्णमास्यधिकरणम् 	 karma-kANDam/12-adhyAyAH/granthAH/kumArilabhaTTaH/tantra-vArttikam/mUlam/2_2/03_paurNamAsyadhikaraNam/
०३ प्रथमाध्यायस्य तृतीयः पादः 	 karma-kANDam/12-adhyAyAH/granthAH/paTTAbhirAmaH_mImAMsA-naya-manjarI/1/03_prathamAdhyAyasya_tRtIyaH_pAdaH/
03 विशिष्टाधानविधेयत्वाधिकरणम् 	 karma-kANDam/12-adhyAyAH/granthAH/kumArilabhaTTaH/tantra-vArttikam/mUlam/2_3/03_vishiShTAdhAnavidheyatvAdhikaraNam/
03 वेदभेदेन श्रूयमाणेषु कर्मोत्पत्तिनिर्णयाधिकरणम् 	 karma-kANDam/12-adhyAyAH/granthAH/kumArilabhaTTaH/tantra-vArttikam/mUlam/3_3/03_vedabhedena_shrUyamANeShu_karmotpattinirNayAdhikaraNam/
03 शिष्टाकोपाधिकरणम् 	 karma-kANDam/12-adhyAyAH/granthAH/kumArilabhaTTaH/tantra-vArttikam/mUlam/1_3/03_shiShTAkopAdhikaraNam/
03 शेषत्वस्य लक्ष्यनिर्देशाधिकरणम् 	 karma-kANDam/12-adhyAyAH/granthAH/kumArilabhaTTaH/tantra-vArttikam/mUlam/3_1/03_sheShatvasya_laxyanirdeshAdhikaraNam/
०३ सप्तमाध्यायस्य ततीयः पादः 	 karma-kANDam/12-adhyAyAH/granthAH/paTTAbhirAmaH_mImAMsA-naya-manjarI/7/03_saptamAdhyAyasya_tatIyaH_pAdaH/
03 सौत्रामण्यां शेषकार्याननुष्ठानाधिकरणम् 	 karma-kANDam/12-adhyAyAH/granthAH/kumArilabhaTTaH/tantra-vArttikam/mUlam/3_5/03_sautrAmaNyAM_sheShakAryAnanuShThAnAdhikaraNam/
03 सौमिकवेदेरङ्गप्रधानार्थताधिकरणम् 	 karma-kANDam/12-adhyAyAH/granthAH/kumArilabhaTTaH/tantra-vArttikam/mUlam/3_7/03_saumikavederangapradhAnArthatAdhikaraNam/
03 हविष्कृन्मन्त्रविनियोगाधिकरणम् 	 karma-kANDam/12-adhyAyAH/granthAH/kumArilabhaTTaH/tantra-vArttikam/mUlam/3_2/03_haviShkRnmantraviniyogAdhikaraNam/
03 हेतुवन्निगदाधिकरणम् 	 karma-kANDam/12-adhyAyAH/granthAH/kumArilabhaTTaH/tantra-vArttikam/mUlam/1_2/03_hetuvannigadAdhikaraNam/
04 	 karma-kANDam/12-adhyAyAH/granthAH/shalIkaNTaH/sarva-prastutiH/04/
०४ १,४ 	 karma-kANDam/12-adhyAyAH/granthAH/mAdhavaH_nyAya-mAlA-vistaraH/01/04/
०४ १,४ 	 karma-kANDam/12-adhyAyAH/granthAH/shabara-bhAShyam/01/04/
०४ २,३ 	 karma-kANDam/12-adhyAyAH/granthAH/shabara-bhAShyam/02/3/
०४ २,४ 	 karma-kANDam/12-adhyAyAH/granthAH/mAdhavaH_nyAya-mAlA-vistaraH/02/04/
०४ ३,४ 	 karma-kANDam/12-adhyAyAH/granthAH/mAdhavaH_nyAya-mAlA-vistaraH/03/04/
०४ ४,४ 	 karma-kANDam/12-adhyAyAH/granthAH/mAdhavaH_nyAya-mAlA-vistaraH/04/04/
०४ ७,४ 	 karma-kANDam/12-adhyAyAH/granthAH/shabara-bhAShyam/07/4/
04 PREFACE 	 karma-kANDam/12-adhyAyAH/granthAH/kumArilabhaTTaH/nArAyaNa-bhaTTaH_mAna-meyodayaH/0/04_PREFACE/
04 अन्यप्रमाणकत्वनिरासाधिकरणम् 	 karma-kANDam/12-adhyAyAH/granthAH/rAmAnuja-sampradAyaH/mImAMsA-pAdukA/sarva-prastutiH/04_anyapramANakatvanirAsAdhikaraNam/
04 अभिमर्शनादेरङ्गप्रधानसाधारणहविर्मात्रार्थताधिकरणम् 	 karma-kANDam/12-adhyAyAH/granthAH/kumArilabhaTTaH/tantra-vArttikam/mUlam/3_7/04_abhimarshanAderangapradhAnasAdhAraNahavirmAtrArthatAdhikaraNam/
०४ अष्ट माध्यायस्य तृतीयः पादः 	 karma-kANDam/12-adhyAyAH/granthAH/paTTAbhirAmaH_mImAMsA-naya-manjarI/8/04_aShTa_mAdhyAyasya_tRtIyaH_pAdaH/
04 आग्निविहरणादिमन्त्रविनियोगाधिकरणम् 	 karma-kANDam/12-adhyAyAH/granthAH/kumArilabhaTTaH/tantra-vArttikam/mUlam/3_2/04_AgniviharaNAdimantraviniyogAdhikaraNam/
04 आधानस्य पवमानेष्ट्यनङ्गताधिकरणम् 	 karma-kANDam/12-adhyAyAH/granthAH/kumArilabhaTTaH/tantra-vArttikam/mUlam/3_6/04_AdhAnasya_pavamAneShTyanangatAdhikaraNam/
04 ऋत्विक्संस्काराणां सर्वर्त्विग्धर्मताधिकरणम् 	 karma-kANDam/12-adhyAyAH/granthAH/kumArilabhaTTaH/tantra-vArttikam/mUlam/3_8/04_RtviksaMskArANAM_sarvartvigdharmatAdhikaraNam/
04 कर्त्रधिकरणम् 	 karma-kANDam/12-adhyAyAH/granthAH/kumArilabhaTTaH/tantra-vArttikam/mUlam/3_4/04_kartradhikaraNam/
०४ चतुर्थाध्यायस्य चतुर्थः पादः 	 karma-kANDam/12-adhyAyAH/granthAH/paTTAbhirAmaH_mImAMsA-naya-manjarI/4/04_chaturthAdhyAyasya_chaturthaH_pAdaH/
04 तव्द्यपदेशाधिकरणम् 	 karma-kANDam/12-adhyAyAH/granthAH/kumArilabhaTTaH/tantra-vArttikam/mUlam/1_4/04_tavdyapadeshAdhikaraNam/
०४ तृतीयाध्यायस्य चतुर्थः पादः 	 karma-kANDam/12-adhyAyAH/granthAH/paTTAbhirAmaH_mImAMsA-naya-manjarI/3/04_tRtIyAdhyAyasya_chaturthaH_pAdaH/
04 तेषामर्थाधिकरणम् 	 karma-kANDam/12-adhyAyAH/granthAH/kumArilabhaTTaH/tantra-vArttikam/mUlam/3_1/04_teShAmarthAdhikaraNam/
04 दाक्षायणयज्ञाधिकरणम् 	 karma-kANDam/12-adhyAyAH/granthAH/kumArilabhaTTaH/tantra-vArttikam/mUlam/2_3/04_dAxAyaNayajnAdhikaraNam/
०४ द्वितीयाध्यायस्य चतुर्थः पादः 	 karma-kANDam/12-adhyAyAH/granthAH/paTTAbhirAmaH_mImAMsA-naya-manjarI/2/04_dvitIyAdhyAyasya_chaturthaH_pAdaH/
०४ पञ्चमाध्यायस्य चतुर्थः पादः 	 karma-kANDam/12-adhyAyAH/granthAH/paTTAbhirAmaH_mImAMsA-naya-manjarI/5/04_panchamAdhyAyasya_chaturthaH_pAdaH/
04 पांशुयाजाधिकरणम् 	 karma-kANDam/12-adhyAyAH/granthAH/kumArilabhaTTaH/tantra-vArttikam/mUlam/2_2/04_pAMshuyAjAdhikaraNam/
04 प्रकरणविनियोगाधिकरणम् 	 karma-kANDam/12-adhyAyAH/granthAH/kumArilabhaTTaH/tantra-vArttikam/mUlam/3_3/04_prakaraNaviniyogAdhikaraNam/
०४ प्रत्यक्षसूत्रम् 	 karma-kANDam/12-adhyAyAH/granthAH/kumArilabhaTTaH/shloka-vArttikam/umbeka-TIkA/04_pratyaxasUtram/
०४ प्रथमाध्यायस्य चतुर्थः पादः 	 karma-kANDam/12-adhyAyAH/granthAH/paTTAbhirAmaH_mImAMsA-naya-manjarI/1/04_prathamAdhyAyasya_chaturthaH_pAdaH/
04 मन्त्राधिकरणम् 	 karma-kANDam/12-adhyAyAH/granthAH/kumArilabhaTTaH/tantra-vArttikam/mUlam/1_2/04_mantrAdhikaraNam/
04 यववराहाधिकरणम् 	 karma-kANDam/12-adhyAyAH/granthAH/kumArilabhaTTaH/tantra-vArttikam/mUlam/1_3/04_yavavarAhAdhikaraNam/
०४ षष्ठाध्यायस्य चतुर्थः पादः 	 karma-kANDam/12-adhyAyAH/granthAH/paTTAbhirAmaH_mImAMsA-naya-manjarI/6/04_ShaShThAdhyAyasya_chaturthaH_pAdaH/
०४ सप्तमाध्यायस्य चतुर्थः पादः 	 karma-kANDam/12-adhyAyAH/granthAH/paTTAbhirAmaH_mImAMsA-naya-manjarI/7/04_saptamAdhyAyasya_chaturthaH_pAdaH/
04 संमार्गाधिकरणम् 	 karma-kANDam/12-adhyAyAH/granthAH/kumArilabhaTTaH/tantra-vArttikam/mUlam/2_1/04_saMmArgAdhikaraNam/
04 सर्वपृष्ठायां शेषकार्यतन्त्रताधिकरणम् 	 karma-kANDam/12-adhyAyAH/granthAH/kumArilabhaTTaH/tantra-vArttikam/mUlam/3_5/04_sarvapRShThAyAM_sheShakAryatantratAdhikaraNam/
05 	 karma-kANDam/12-adhyAyAH/granthAH/shalIkaNTaH/sarva-prastutiH/05/
०५ २,४ 	 karma-kANDam/12-adhyAyAH/granthAH/shabara-bhAShyam/02/4/
०५ ३,५ 	 karma-kANDam/12-adhyAyAH/granthAH/mAdhavaH_nyAya-mAlA-vistaraH/03/05/
05 LIST OF AUTHORS CITED 	 karma-kANDam/12-adhyAyAH/granthAH/kumArilabhaTTaH/nArAyaNa-bhaTTaH_mAna-meyodayaH/0/05_LIST_OF_AUTHORS_CITED/
०५ अष्टमाध्यायस्य चतुर्थः पादः 	 karma-kANDam/12-adhyAyAH/granthAH/paTTAbhirAmaH_mImAMsA-naya-manjarI/8/05_aShTamAdhyAyasya_chaturthaH_pAdaH/
05 आधानस्य प्रकृतिविकृत्यर्थताधिकरणम् 	 karma-kANDam/12-adhyAyAH/granthAH/kumArilabhaTTaH/tantra-vArttikam/mUlam/3_6/05_AdhAnasya_prakRtivikRtyarthatAdhikaraNam/
05 आधाराग्निहोत्राधिकरणम् 	 karma-kANDam/12-adhyAyAH/granthAH/kumArilabhaTTaH/tantra-vArttikam/mUlam/2_2/05_AdhArAgnihotrAdhikaraNam/
05 ऐन्द्रवायवस्य भक्षणतन्त्रत्वाभावाधिकरणम् 	 karma-kANDam/12-adhyAyAH/granthAH/kumArilabhaTTaH/tantra-vArttikam/mUlam/3_5/05_aindravAyavasya_bhaxaNatantratvAbhAvAdhikaraNam/
०५ औत्पत्तिकसूत्रम् 	 karma-kANDam/12-adhyAyAH/granthAH/kumArilabhaTTaH/shloka-vArttikam/umbeka-TIkA/05_autpattikasUtram/
05 क्रमविनियोगाधिकरणम् 	 karma-kANDam/12-adhyAyAH/granthAH/kumArilabhaTTaH/tantra-vArttikam/mUlam/3_3/05_kramaviniyogAdhikaraNam/
05 गुणजन्यकामानां याजमानत्वाधिकरणम् 	 karma-kANDam/12-adhyAyAH/granthAH/kumArilabhaTTaH/tantra-vArttikam/mUlam/3_8/05_guNajanyakAmAnAM_yAjamAnatvAdhikaraNam/
05 जञ्जभ्यमानाधिकरणम् 	 karma-kANDam/12-adhyAyAH/granthAH/kumArilabhaTTaH/tantra-vArttikam/mUlam/3_4/05_janjabhyamAnAdhikaraNam/
०५ तृतीयाध्यायस्य पञ्चमः पादः 	 karma-kANDam/12-adhyAyAH/granthAH/paTTAbhirAmaH_mImAMsA-naya-manjarI/3/05_tRtIyAdhyAyasya_panchamaH_pAdaH/
05 दीक्षादक्षिणयोः प्रधानमात्रार्थताधिकरणम् 	 karma-kANDam/12-adhyAyAH/granthAH/kumArilabhaTTaH/tantra-vArttikam/mUlam/3_7/05_dIxAdaxiNayoH_pradhAnamAtrArthatAdhikaraNam/
05 द्रव्यदेवतासंयोगे यागविधायकत्वाधिकरणम् 	 karma-kANDam/12-adhyAyAH/granthAH/kumArilabhaTTaH/tantra-vArttikam/mUlam/2_3/05_dravyadevatAsaMyoge_yAgavidhAyakatvAdhikaraNam/
05 द्रव्यविषय उद्देश्यतावच्छेदकनिरूपणाधिकरणम् 	 karma-kANDam/12-adhyAyAH/granthAH/kumArilabhaTTaH/tantra-vArttikam/mUlam/3_1/05_dravyaviShaya_uddeshyatAvachChedakanirUpaNAdhikaraNam/
05 पिकनेमाधिकरणम् 	 karma-kANDam/12-adhyAyAH/granthAH/kumArilabhaTTaH/tantra-vArttikam/mUlam/1_3/05_pikanemAdhikaraNam/
05 वाजपेयाधिकरणम् 	 karma-kANDam/12-adhyAyAH/granthAH/kumArilabhaTTaH/tantra-vArttikam/mUlam/1_4/05_vAjapeyAdhikaraNam/
05 वेदप्रमाणकत्वाधिकरणम् 	 karma-kANDam/12-adhyAyAH/granthAH/rAmAnuja-sampradAyaH/mImAMsA-pAdukA/sarva-prastutiH/05_vedapramANakatvAdhikaraNam/
०५ शब्दार्थनित्यसम्बन्धः 	 karma-kANDam/12-adhyAyAH/adhikaraNAni/01/1/05-shabdArtha-nitya-sambandhaH/
०५ षष्ठायायस्य पञ्चमः पादः 	 karma-kANDam/12-adhyAyAH/granthAH/paTTAbhirAmaH_mImAMsA-naya-manjarI/6/05_ShaShThAyAyasya_panchamaH_pAdaH/
05 सूक्तवाकाधिकरणम् 	 karma-kANDam/12-adhyAyAH/granthAH/kumArilabhaTTaH/tantra-vArttikam/mUlam/3_2/05_sUktavAkAdhikaraNam/
05 स्तुतशस्त्राधिकरणम् 	 karma-kANDam/12-adhyAyAH/granthAH/kumArilabhaTTaH/tantra-vArttikam/mUlam/2_1/05_stutashastrAdhikaraNam/
06 	 karma-kANDam/12-adhyAyAH/granthAH/shalIkaNTaH/sarva-prastutiH/06/
०६ ३,६ 	 karma-kANDam/12-adhyAyAH/granthAH/mAdhavaH_nyAya-mAlA-vistaraH/03/06/
06 अन्तर्वेदिबहिर्वेदिपदलक्षितदेशविशेषस्य यूपमानाङ्गताधिकरणम् 	 karma-kANDam/12-adhyAyAH/granthAH/kumArilabhaTTaH/tantra-vArttikam/mUlam/3_7/06_antarvedibahirvedipadalaxitadeshavisheShasya_yUpamAnAngatAdhikaraNam/
06 अरुणाधिकरणम् 	 karma-kANDam/12-adhyAyAH/granthAH/kumArilabhaTTaH/tantra-vArttikam/mUlam/3_1/06_aruNAdhikaraNam/
06 आग्नेयाधिकरणम् 	 karma-kANDam/12-adhyAyAH/granthAH/kumArilabhaTTaH/tantra-vArttikam/mUlam/1_4/06_AgneyAdhikaraNam/
06 कल्पसूत्राधिकरणम् 	 karma-kANDam/12-adhyAyAH/granthAH/kumArilabhaTTaH/tantra-vArttikam/mUlam/1_3/06_kalpasUtrAdhikaraNam/
०६ तृतायाध्यायस्य षष्ठः पादः 	 karma-kANDam/12-adhyAyAH/granthAH/paTTAbhirAmaH_mImAMsA-naya-manjarI/3/06_tRtAyAdhyAyasya_ShaShThaH_pAdaH/
06 देवतासंयोगाभावे यागाविधायकत्वाधिकरणम् 	 karma-kANDam/12-adhyAyAH/granthAH/kumArilabhaTTaH/tantra-vArttikam/mUlam/2_3/06_devatAsaMyogAbhAve_yAgAvidhAyakatvAdhikaraNam/
06 पवमानेष्टिषु पवमानेष्ट्यनतिदेशाधिकरणम् 	 karma-kANDam/12-adhyAyAH/granthAH/kumArilabhaTTaH/tantra-vArttikam/mUlam/3_6/06_pavamAneShTiShu_pavamAneShTyanatideshAdhikaraNam/
06 पशुसोमाधिकरणम् 	 karma-kANDam/12-adhyAyAH/granthAH/kumArilabhaTTaH/tantra-vArttikam/mUlam/2_2/06_pashusomAdhikaraNam/
06 प्रोत्साहनमन्त्राणां याजमानत्वाधिकरणम् 	 karma-kANDam/12-adhyAyAH/granthAH/kumArilabhaTTaH/tantra-vArttikam/mUlam/3_8/06_protsAhanamantrANAM_yAjamAnatvAdhikaraNam/
06 मन्त्राविधायकत्वाधिकरणम् 	 karma-kANDam/12-adhyAyAH/granthAH/kumArilabhaTTaH/tantra-vArttikam/mUlam/2_1/06_mantrAvidhAyakatvAdhikaraNam/
०६ वृत्तिकारग्रन्थः 	 karma-kANDam/12-adhyAyAH/granthAH/kumArilabhaTTaH/shloka-vArttikam/umbeka-TIkA/06_vRttikAragranthaH/
०६ शब्दनित्यत्वम् 	 karma-kANDam/12-adhyAyAH/adhikaraNAni/01/1/06-shabda-nityatvam/
06 शब्दनित्यत्वाधिकरणम् 	 karma-kANDam/12-adhyAyAH/granthAH/rAmAnuja-sampradAyaH/mImAMsA-pAdukA/sarva-prastutiH/06_shabdanityatvAdhikaraNam/
०६ षष्ठाध्यायस्य षष्ठः पादः 	 karma-kANDam/12-adhyAyAH/granthAH/paTTAbhirAmaH_mImAMsA-naya-manjarI/6/06_ShaShThAdhyAyasya_ShaShThaH_pAdaH/
06 समाख्याविनियोगाधिकरणम् 	 karma-kANDam/12-adhyAyAH/granthAH/kumArilabhaTTaH/tantra-vArttikam/mUlam/3_3/06_samAkhyAviniyogAdhikaraNam/
06 सर्वपरिदानाधिकरणम् 	 karma-kANDam/12-adhyAyAH/granthAH/kumArilabhaTTaH/tantra-vArttikam/mUlam/3_4/06_sarvaparidAnAdhikaraNam/
06 सूक्तवाकस्य विभज्य विनियोगाधिकरणम् 	 karma-kANDam/12-adhyAyAH/granthAH/kumArilabhaTTaH/tantra-vArttikam/mUlam/3_2/06_sUktavAkasya_vibhajya_viniyogAdhikaraNam/
06 सोमे भक्षप्रतिपादनाधिकरणम् 	 karma-kANDam/12-adhyAyAH/granthAH/kumArilabhaTTaH/tantra-vArttikam/mUlam/3_5/06_some_bhaxapratipAdanAdhikaraNam/
07 	 karma-kANDam/12-adhyAyAH/granthAH/shalIkaNTaH/sarva-prastutiH/07/
०७ ३,७ 	 karma-kANDam/12-adhyAyAH/granthAH/mAdhavaH_nyAya-mAlA-vistaraH/03/07/
07 ग्रहैकत्वाधिकरणम् 	 karma-kANDam/12-adhyAyAH/granthAH/kumArilabhaTTaH/tantra-vArttikam/mUlam/3_1/07_grahaikatvAdhikaraNam/
07 चमसिनां सोमभक्षप्रतिपादनाधिकरणम् 	 karma-kANDam/12-adhyAyAH/granthAH/kumArilabhaTTaH/tantra-vArttikam/mUlam/3_5/07_chamasinAM_somabhaxapratipAdanAdhikaraNam/
07 चरोरुपधानार्थताधिकरणम् 	 karma-kANDam/12-adhyAyAH/granthAH/kumArilabhaTTaH/tantra-vArttikam/mUlam/2_3/07_charorupadhAnArthatAdhikaraNam/
०७ तृतीयाध्याये सप्तमः पादः 	 karma-kANDam/12-adhyAyAH/granthAH/paTTAbhirAmaH_mImAMsA-naya-manjarI/3/07_tRtIyAdhyAye_saptamaH_pAdaH/
07 दक्षिणहविर्धानिदेशस्यानुवचनार्थताधिकरणम् 	 karma-kANDam/12-adhyAyAH/granthAH/kumArilabhaTTaH/tantra-vArttikam/mUlam/3_7/07_daxiNahavirdhAnideshasyAnuvachanArthatAdhikaraNam/
07 द्व्याम्नातानामुभयप्रयोज्यत्वाधिकरणम् 	 karma-kANDam/12-adhyAyAH/granthAH/kumArilabhaTTaH/tantra-vArttikam/mUlam/3_8/07_dvyAmnAtAnAmubhayaprayojyatvAdhikaraNam/
०७ निरालम्बनवादः 	 karma-kANDam/12-adhyAyAH/granthAH/kumArilabhaTTaH/shloka-vArttikam/umbeka-TIkA/07_nirAlambanavAdaH/
07 पशुधर्माणामुपाकरणादीनामग्नीषोमीयामात्रार्थताधकरणम् 	 karma-kANDam/12-adhyAyAH/granthAH/kumArilabhaTTaH/tantra-vArttikam/mUlam/3_6/07_pashudharmANAmupAkaraNAdInAmagnIShomIyAmAtrArthatAdhakaraNam/
07 बर्हिराज्याधिकरणम् 	 karma-kANDam/12-adhyAyAH/granthAH/kumArilabhaTTaH/tantra-vArttikam/mUlam/1_4/07_barhirAjyAdhikaraNam/
07 बलाबलाधिकरणम् 	 karma-kANDam/12-adhyAyAH/granthAH/kumArilabhaTTaH/tantra-vArttikam/mUlam/3_3/07_balAbalAdhikaraNam/
07 मन्त्रलक्षणाधिकरणम् 	 karma-kANDam/12-adhyAyAH/granthAH/kumArilabhaTTaH/tantra-vArttikam/mUlam/2_1/07_mantralaxaNAdhikaraNam/
07 लिङ्गस्य दुर्बलप्रमाणोपजीवित्वाधिकरणम् 	 karma-kANDam/12-adhyAyAH/granthAH/kumArilabhaTTaH/tantra-vArttikam/mUlam/3_2/07_lingasya_durbalapramANopajIvitvAdhikaraNam/
०७ वाक्यवाक्यार्थसम्बन्धनित्यता 	 karma-kANDam/12-adhyAyAH/adhikaraNAni/01/1/07-vAkya-vAkyArtha-sambandha-nityatA/
07 वेदस्यार्थप्रत्यायकताधिकरणम् 	 karma-kANDam/12-adhyAyAH/granthAH/rAmAnuja-sampradAyaH/mImAMsA-pAdukA/sarva-prastutiH/07_vedasyArthapratyAyakatAdhikaraNam/
०७ षष्ठाध्यायस्य सप्तमः पादः 	 karma-kANDam/12-adhyAyAH/granthAH/paTTAbhirAmaH_mImAMsA-naya-manjarI/6/07_ShaShThAdhyAyasya_saptamaH_pAdaH/
07 संख्याधिकरणम् 	 karma-kANDam/12-adhyAyAH/granthAH/kumArilabhaTTaH/tantra-vArttikam/mUlam/2_2/07_saMkhyAdhikaraNam/
07 संवादाधिकरणम् 	 karma-kANDam/12-adhyAyAH/granthAH/kumArilabhaTTaH/tantra-vArttikam/mUlam/3_4/07_saMvAdAdhikaraNam/
07 होलाकाधिकरणम् 	 karma-kANDam/12-adhyAyAH/granthAH/kumArilabhaTTaH/tantra-vArttikam/mUlam/1_3/07_holAkAdhikaraNam/
08 	 karma-kANDam/12-adhyAyAH/granthAH/shalIkaNTaH/sarva-prastutiH/08/
०८ ३,८ 	 karma-kANDam/12-adhyAyAH/granthAH/mAdhavaH_nyAya-mAlA-vistaraH/03/08/
०८ अपौरुषेयता 	 karma-kANDam/12-adhyAyAH/adhikaraNAni/01/1/08-apauruSheyatA/
08 अहीनाधिकरणम् 	 karma-kANDam/12-adhyAyAH/granthAH/kumArilabhaTTaH/tantra-vArttikam/mUlam/3_3/08_ahInAdhikaraNam/
08 आग्नेय्यधिकरणम् 	 karma-kANDam/12-adhyAyAH/granthAH/kumArilabhaTTaH/tantra-vArttikam/mUlam/3_2/08_AgneyyadhikaraNam/
08 उद्गातृचमसे ससुब्रह्मण्यानां भक्षप्रतिपादनाधिकरणम् 	 karma-kANDam/12-adhyAyAH/granthAH/kumArilabhaTTaH/tantra-vArttikam/mUlam/3_5/08_udgAtRchamase_sasubrahmaNyAnAM_bhaxapratipAdanAdhikaraNam/
08 चमसाधिकरणम् 	 karma-kANDam/12-adhyAyAH/granthAH/kumArilabhaTTaH/tantra-vArttikam/mUlam/3_1/08_chamasAdhikaraNam/
०८ तृतीयाध्यायस्याष्टमः पादः 	 karma-kANDam/12-adhyAyAH/granthAH/paTTAbhirAmaH_mImAMsA-naya-manjarI/3/08_tRtIyAdhyAyasyAShTamaH_pAdaH/
08 पात्नीवताधिकरणम् 	 karma-kANDam/12-adhyAyAH/granthAH/kumArilabhaTTaH/tantra-vArttikam/mUlam/2_3/08_pAtnIvatAdhikaraNam/
08 प्रोक्षण्यधिकरणम् 	 karma-kANDam/12-adhyAyAH/granthAH/kumArilabhaTTaH/tantra-vArttikam/mUlam/1_4/08_proxaNyadhikaraNam/
08 ब्राह्मणलक्षणाधिकरणम् 	 karma-kANDam/12-adhyAyAH/granthAH/kumArilabhaTTaH/tantra-vArttikam/mUlam/2_1/08_brAhmaNalaxaNAdhikaraNam/
08 यजमानभिन्नकर्त्रन्तरप्रतिपादनाधिकरणम् 	 karma-kANDam/12-adhyAyAH/granthAH/kumArilabhaTTaH/tantra-vArttikam/mUlam/3_7/08_yajamAnabhinnakartrantarapratipAdanAdhikaraNam/
08 वाजपेयादावभिज्ञस्यैव वाचनाधिकरणम् 	 karma-kANDam/12-adhyAyAH/granthAH/kumArilabhaTTaH/tantra-vArttikam/mUlam/3_8/08_vAjapeyAdAvabhijnasyaiva_vAchanAdhikaraNam/
08 वेदापौरुषेयताधिकरणम् 	 karma-kANDam/12-adhyAyAH/granthAH/rAmAnuja-sampradAyaH/mImAMsA-pAdukA/sarva-prastutiH/08_vedApauruSheyatAdhikaraNam/
08 व्याकरणाधिकरणम् 	 karma-kANDam/12-adhyAyAH/granthAH/kumArilabhaTTaH/tantra-vArttikam/mUlam/1_3/08_vyAkaraNAdhikaraNam/
08 शाखाहरणादीनामुभयदोहार्थताधिकरणम् 	 karma-kANDam/12-adhyAyAH/granthAH/kumArilabhaTTaH/tantra-vArttikam/mUlam/3_6/08_shAkhAharaNAdInAmubhayadohArthatAdhikaraNam/
०८ शून्यवादः 	 karma-kANDam/12-adhyAyAH/granthAH/kumArilabhaTTaH/shloka-vArttikam/umbeka-TIkA/08_shUnyavAdaH/
०८ षष्ठाध्यायस्याष्टमः पाद 	 karma-kANDam/12-adhyAyAH/granthAH/paTTAbhirAmaH_mImAMsA-naya-manjarI/6/08_ShaShThAdhyAyasyAShTamaH_pAda/
08 संज्ञाधिकरणम् 	 karma-kANDam/12-adhyAyAH/granthAH/kumArilabhaTTaH/tantra-vArttikam/mUlam/2_2/08_saMjnAdhikaraNam/
08 हिरण्यधारणाधिकरणम् 	 karma-kANDam/12-adhyAyAH/granthAH/kumArilabhaTTaH/tantra-vArttikam/mUlam/3_4/08_hiraNyadhAraNAdhikaraNam/
09 	 karma-kANDam/12-adhyAyAH/granthAH/shalIkaNTaH/sarva-prastutiH/09/
०९ अनुमानम् 	 karma-kANDam/12-adhyAyAH/granthAH/kumArilabhaTTaH/shloka-vArttikam/umbeka-TIkA/09_anumAnam/
09 अंश्वदाभ्यग्रहयोर्ज्योतिष्टोमाङ्गताधिकरणम् 	 karma-kANDam/12-adhyAyAH/granthAH/kumArilabhaTTaH/tantra-vArttikam/mUlam/2_3/09_aMshvadAbhyagrahayorjyotiShTomAngatAdhikaraNam/
09 आकृत्यधिकरणम् 	 karma-kANDam/12-adhyAyAH/granthAH/kumArilabhaTTaH/tantra-vArttikam/mUlam/1_3/09_AkRtyadhikaraNam/
09 आनर्थक्यतदङ्गाधिकरणम् 	 karma-kANDam/12-adhyAyAH/granthAH/kumArilabhaTTaH/tantra-vArttikam/mUlam/3_1/09_AnarthakyatadangAdhikaraNam/
09 ऊहादीनाममन्त्रताधिकरणम् 	 karma-kANDam/12-adhyAyAH/granthAH/kumArilabhaTTaH/tantra-vArttikam/mUlam/2_1/09_UhAdInAmamantratAdhikaraNam/
09 ऋत्विजां संख्यानियमाधिकरणम् 	 karma-kANDam/12-adhyAyAH/granthAH/kumArilabhaTTaH/tantra-vArttikam/mUlam/3_7/09_RtvijAM_saMkhyAniyamAdhikaraNam/
09 गुणाधिकरणम् 	 karma-kANDam/12-adhyAyAH/granthAH/kumArilabhaTTaH/tantra-vArttikam/mUlam/2_2/09_guNAdhikaraNam/
09 ग्रहधर्माणां सवनत्रयसंबन्धिग्रहार्थताधिकरणम् 	 karma-kANDam/12-adhyAyAH/granthAH/kumArilabhaTTaH/tantra-vArttikam/mUlam/3_6/09_grahadharmANAM_savanatrayasaMbandhigrahArthatAdhikaraNam/
09 जयादीनां वैदिककर्माङ्गताधिकरणम् 	 karma-kANDam/12-adhyAyAH/granthAH/kumArilabhaTTaH/tantra-vArttikam/mUlam/3_4/09_jayAdInAM_vaidikakarmAngatAdhikaraNam/
09 द्वादशद्वंद्वानामाध्वर्यवत्वाधिकरणम् 	 karma-kANDam/12-adhyAyAH/granthAH/kumArilabhaTTaH/tantra-vArttikam/mUlam/3_8/09_dvAdashadvaMdvAnAmAdhvaryavatvAdhikaraNam/
09 निर्मन्थ्याधिकरणम् 	 karma-kANDam/12-adhyAyAH/granthAH/kumArilabhaTTaH/tantra-vArttikam/mUlam/1_4/09_nirmanthyAdhikaraNam/
09 नैमित्तिकप्रतिपदोरुत्कर्षाधिकरणम् 	 karma-kANDam/12-adhyAyAH/granthAH/kumArilabhaTTaH/tantra-vArttikam/mUlam/3_3/09_naimittikapratipadorutkarShAdhikaraNam/
09 भक्षानुवाकस्य यथालिङ्गं विनियोगाधिकरणम् 	 karma-kANDam/12-adhyAyAH/granthAH/kumArilabhaTTaH/tantra-vArttikam/mUlam/3_2/09_bhaxAnuvAkasya_yathAlingaM_viniyogAdhikaraNam/
09 हारियोजने ग्रावस्तुतोऽपि भक्षप्रतिपादनाधिकरणम् 	 karma-kANDam/12-adhyAyAH/granthAH/kumArilabhaTTaH/tantra-vArttikam/mUlam/3_5/09_hAriyojane_grAvastuto_api_bhaxapratipAdanAdhikaraNam/
1 	 karma-kANDam/12-adhyAyAH/granthAH/kumArilabhaTTaH/shloka-vArttikam/yudhiShThira-mImAMsakaH/1/
१ 	 karma-kANDam/12-adhyAyAH/granthAH/shabara-bhAShyam/03/1/
१ 	 karma-kANDam/12-adhyAyAH/granthAH/shabara-bhAShyam/04/1/
१ ३ 	 karma-kANDam/12-adhyAyAH/granthAH/kumArilabhaTTaH/tantra-vArttikam/someshvaraH_nyAya-sudhA/1_3/
१ ४ 	 karma-kANDam/12-adhyAyAH/granthAH/kumArilabhaTTaH/tantra-vArttikam/someshvaraH_nyAya-sudhA/1_4/
१ प्रमाणानि 	 karma-kANDam/12-adhyAyAH/granthAH/kumArilabhaTTaH/nArAyaNa-bhaTTaH_mAna-meyodayaH/1_pramANAni/
10 	 karma-kANDam/12-adhyAyAH/granthAH/shalIkaNTaH/sarva-prastutiH/10/
10 अभिक्रमणाधिकरणम् 	 karma-kANDam/12-adhyAyAH/granthAH/kumArilabhaTTaH/tantra-vArttikam/mUlam/3_1/10_abhikramaNAdhikaraNam/
10 ऋग्लक्षणाधिकरण् 	 karma-kANDam/12-adhyAyAH/granthAH/kumArilabhaTTaH/tantra-vArttikam/mUlam/2_1/10_RglaxaNAdhikaraN/
10 गुणप्रत्युदाहरणाधिकरणम् 	 karma-kANDam/12-adhyAyAH/granthAH/kumArilabhaTTaH/tantra-vArttikam/mUlam/2_2/10_guNapratyudAharaNAdhikaraNam/
10 चमसाध्वर्यूणां पृथक्त्वाधिकरणम् 	 karma-kANDam/12-adhyAyAH/granthAH/kumArilabhaTTaH/tantra-vArttikam/mUlam/3_7/10_chamasAdhvaryUNAM_pRthaktvAdhikaraNam/
10 चयनस्याग्निसंस्कारत्वाधिकरणम् 	 karma-kANDam/12-adhyAyAH/granthAH/kumArilabhaTTaH/tantra-vArttikam/mUlam/2_3/10_chayanasyAgnisaMskAratvAdhikaraNam/
10 जाघन्यधिकरणम् 	 karma-kANDam/12-adhyAyAH/granthAH/kumArilabhaTTaH/tantra-vArttikam/mUlam/3_3/10_jAghanyadhikaraNam/
10 तृप्तिप्रकाशकमन्त्रस्य भक्षमन्त्रस्यैकवाक्यतयाधिकरणम् 	 karma-kANDam/12-adhyAyAH/granthAH/kumArilabhaTTaH/tantra-vArttikam/mUlam/3_2/10_tRptiprakAshakamantrasya_bhaxamantrasyaikavAkyatayAdhikaraNam/
10 रशनाधर्मसाधारण्याधिकरणम् 	 karma-kANDam/12-adhyAyAH/granthAH/kumArilabhaTTaH/tantra-vArttikam/mUlam/3_6/10_rashanAdharmasAdhAraNyAdhikaraNam/
10 वषट्कारनिमित्तकभक्षान्तरप्रतिपादनाधिकरणम् 	 karma-kANDam/12-adhyAyAH/granthAH/kumArilabhaTTaH/tantra-vArttikam/mUlam/3_5/10_vaShaTkAranimittakabhaxAntarapratipAdanAdhikaraNam/
10 वारुणेष्टेर्वैदिकाश्वदाननिमित्तताधिकरणम् 	 karma-kANDam/12-adhyAyAH/granthAH/kumArilabhaTTaH/tantra-vArttikam/mUlam/3_4/10_vAruNeShTervaidikAshvadAnanimittatAdhikaraNam/
10 वैश्वदेवाधिकरणम् 	 karma-kANDam/12-adhyAyAH/granthAH/kumArilabhaTTaH/tantra-vArttikam/mUlam/1_4/10_vaishvadevAdhikaraNam/
१० शब्दपरिच्छेदः 	 karma-kANDam/12-adhyAyAH/granthAH/kumArilabhaTTaH/shloka-vArttikam/umbeka-TIkA/10_shabdaparichChedaH/
10 होतुः करणमन्त्रानुष्ठातृत्वाधिकरणम् 	 karma-kANDam/12-adhyAyAH/granthAH/kumArilabhaTTaH/tantra-vArttikam/mUlam/3_8/10_hotuH_karaNamantrAnuShThAtRtvAdhikaraNam/
11 	 karma-kANDam/12-adhyAyAH/granthAH/shalIkaNTaH/sarva-prastutiH/11/
11 None 	 karma-kANDam/12-adhyAyAH/granthAH/kumArilabhaTTaH/tantra-vArttikam/mUlam/3_2/11_None/
11 अश्वप्रतिग्रहेष्ट्यधिकरणम् 	 karma-kANDam/12-adhyAyAH/granthAH/kumArilabhaTTaH/tantra-vArttikam/mUlam/3_4/11_ashvapratigraheShTyadhikaraNam/
11 इन्द्रियकामाधिकरणम् 	 karma-kANDam/12-adhyAyAH/granthAH/kumArilabhaTTaH/tantra-vArttikam/mUlam/2_2/11_indriyakAmAdhikaraNam/
११ उपमानप्रकरणम् 	 karma-kANDam/12-adhyAyAH/granthAH/kumArilabhaTTaH/shloka-vArttikam/umbeka-TIkA/11_upamAnaprakaraNam/
11 उपवीतस्य दर्शपूर्णमासाङ्गताधिकरणम् 	 karma-kANDam/12-adhyAyAH/granthAH/kumArilabhaTTaH/tantra-vArttikam/mUlam/3_1/11_upavItasya_darshapUrNamAsAngatAdhikaraNam/
11 ग्रहधर्माणामनारभ्याधीताश्वदाभ्यग्रहार्थताधिकरणम् 	 karma-kANDam/12-adhyAyAH/granthAH/kumArilabhaTTaH/tantra-vArttikam/mUlam/3_6/11_grahadharmANAmanArabhyAdhItAshvadAbhyagrahArthatAdhikaraNam/
11 चमसाध्वर्यूणां बहुत्वाधिकरणम् 	 karma-kANDam/12-adhyAyAH/granthAH/kumArilabhaTTaH/tantra-vArttikam/mUlam/3_7/11_chamasAdhvaryUNAM_bahutvAdhikaraNam/
11 प्रकरणान्तराधिकरणम् 	 karma-kANDam/12-adhyAyAH/granthAH/kumArilabhaTTaH/tantra-vArttikam/mUlam/2_3/11_prakaraNAntarAdhikaraNam/
11 प्रैषप्रैषार्थयोर्भिन्नकर्तृकत्वाधिकरणम् 	 karma-kANDam/12-adhyAyAH/granthAH/kumArilabhaTTaH/tantra-vArttikam/mUlam/3_8/11_praiShapraiShArthayorbhinnakartRkatvAdhikaraNam/
11 वैश्वानरेष्ट्यधिकरणम् 	 karma-kANDam/12-adhyAyAH/granthAH/kumArilabhaTTaH/tantra-vArttikam/mUlam/1_4/11_vaishvAnareShTyadhikaraNam/
11 संतर्दनाधिकरणम् 	 karma-kANDam/12-adhyAyAH/granthAH/kumArilabhaTTaH/tantra-vArttikam/mUlam/3_3/11_saMtardanAdhikaraNam/
11 सामलक्षणाधिकरणम् 	 karma-kANDam/12-adhyAyAH/granthAH/kumArilabhaTTaH/tantra-vArttikam/mUlam/2_1/11_sAmalaxaNAdhikaraNam/
11 होमाभिषवनिमित्तकभक्षप्रतिपादनाधिकरणम् 	 karma-kANDam/12-adhyAyAH/granthAH/kumArilabhaTTaH/tantra-vArttikam/mUlam/3_5/11_homAbhiShavanimittakabhaxapratipAdanAdhikaraNam/
12 	 karma-kANDam/12-adhyAyAH/granthAH/shalIkaNTaH/sarva-prastutiH/12/
१२ अर्थापत्तिः 	 karma-kANDam/12-adhyAyAH/granthAH/kumArilabhaTTaH/shloka-vArttikam/umbeka-TIkA/12_arthApattiH/
12 एकपात्रे भक्षसमुच्चयाधिकरणम् 	 karma-kANDam/12-adhyAyAH/granthAH/kumArilabhaTTaH/tantra-vArttikam/mUlam/3_5/12_ekapAtre_bhaxasamuchchayAdhikaraNam/
12 चमसाध्वर्यूणां दशत्वनियमाधिकरणम् 	 karma-kANDam/12-adhyAyAH/granthAH/kumArilabhaTTaH/tantra-vArttikam/mUlam/3_7/12_chamasAdhvaryUNAM_dashatvaniyamAdhikaraNam/
12 तत्सिद्धिपेटिका 	 karma-kANDam/12-adhyAyAH/granthAH/kumArilabhaTTaH/tantra-vArttikam/mUlam/1_4/12_tatsiddhipeTikA/
12 नित्यनैमित्तिकयोरसामानविध्याधिकरणम् 	 karma-kANDam/12-adhyAyAH/granthAH/kumArilabhaTTaH/tantra-vArttikam/mUlam/3_6/12_nityanaimittikayorasAmAnavidhyAdhikaraNam/
12 पुनरभ्युन्नीतभक्षणे इन्द्रस्याप्युपलक्षणाधिकरणम् 	 karma-kANDam/12-adhyAyAH/granthAH/kumArilabhaTTaH/tantra-vArttikam/mUlam/3_2/12_punarabhyunnItabhaxaNe_indrasyApyupalaxaNAdhikaraNam/
12 प्रवर्ग्याधिकरणम् 	 karma-kANDam/12-adhyAyAH/granthAH/kumArilabhaTTaH/tantra-vArttikam/mUlam/3_3/12_pravargyAdhikaraNam/
12 प्रैषस्याऽऽध्वर्यवत्वाधिकरणम् 	 karma-kANDam/12-adhyAyAH/granthAH/kumArilabhaTTaH/tantra-vArttikam/mUlam/3_8/12_praiShasyA_a_adhvaryavatvAdhikaraNam/
12 फलसंस्कार्ययोः कर्मभेदकत्वाधिकरणम् 	 karma-kANDam/12-adhyAyAH/granthAH/kumArilabhaTTaH/tantra-vArttikam/mUlam/2_3/12_phalasaMskAryayoH_karmabhedakatvAdhikaraNam/
12 यजुर्लक्षणाधिकरणम् 	 karma-kANDam/12-adhyAyAH/granthAH/kumArilabhaTTaH/tantra-vArttikam/mUlam/2_1/12_yajurlaxaNAdhikaraNam/
12 रेवत्यधिकरणम् 	 karma-kANDam/12-adhyAyAH/granthAH/kumArilabhaTTaH/tantra-vArttikam/mUlam/2_2/12_revatyadhikaraNam/
12 वमनाधिकरणम् 	 karma-kANDam/12-adhyAyAH/granthAH/kumArilabhaTTaH/tantra-vArttikam/mUlam/3_4/12_vamanAdhikaraNam/
12 वारणादीनां सर्वयज्ञाङ्गताधिकरणम् 	 karma-kANDam/12-adhyAyAH/granthAH/kumArilabhaTTaH/tantra-vArttikam/mUlam/3_1/12_vAraNAdInAM_sarvayajnAngatAdhikaraNam/
12-adhyAyAH 	 karma-kANDam/12-adhyAyAH/
13 	 karma-kANDam/12-adhyAyAH/granthAH/shalIkaNTaH/sarva-prastutiH/13/
13 अक्ताधिकरणम् 	 karma-kANDam/12-adhyAyAH/granthAH/kumArilabhaTTaH/tantra-vArttikam/mUlam/1_4/13_aktAdhikaraNam/
१३ अभाववादः 	 karma-kANDam/12-adhyAyAH/granthAH/kumArilabhaTTaH/shloka-vArttikam/umbeka-TIkA/13_abhAvavAdaH/
13 करणमन्त्रप्रकाश्यफलस्य याजमानत्वाधिकरणम् 	 karma-kANDam/12-adhyAyAH/granthAH/kumArilabhaTTaH/tantra-vArttikam/mUlam/3_8/13_karaNamantraprakAshyaphalasya_yAjamAnatvAdhikaraNam/
13 निगदाधिकरणम् 	 karma-kANDam/12-adhyAyAH/granthAH/kumArilabhaTTaH/tantra-vArttikam/mUlam/2_1/13_nigadAdhikaraNam/
13 पात्नीवतभक्षणे पूर्वदेवतानुपलक्षणाधिकरणम् 	 karma-kANDam/12-adhyAyAH/granthAH/kumArilabhaTTaH/tantra-vArttikam/mUlam/3_2/13_pAtnIvatabhaxaNe_pUrvadevatAnupalaxaNAdhikaraNam/
13 पेषणाधिकरणम् 	 karma-kANDam/12-adhyAyAH/granthAH/kumArilabhaTTaH/tantra-vArttikam/mUlam/3_3/13_peShaNAdhikaraNam/
13 मुख्यप्रतिनिध्योः सामानविध्याधिकरणम् 	 karma-kANDam/12-adhyAyAH/granthAH/kumArilabhaTTaH/tantra-vArttikam/mUlam/3_6/13_mukhyapratinidhyoH_sAmAnavidhyAdhikaraNam/
13 यजमानसोमवमने, इष्टिविधानाधिकरणम् 	 karma-kANDam/12-adhyAyAH/granthAH/kumArilabhaTTaH/tantra-vArttikam/mUlam/3_4/13_yajamAnasomavamane_iShTividhAnAdhikaraNam/
13 वषट्कर्तुः प्रथमं भक्षप्रतिपादनाधिकरणम् 	 karma-kANDam/12-adhyAyAH/granthAH/kumArilabhaTTaH/tantra-vArttikam/mUlam/3_5/13_vaShaTkartuH_prathamaM_bhaxapratipAdanAdhikaraNam/
13 वार्त्रघ्न्यादीनामाज्यभागाङ्गताधिकरणम् 	 karma-kANDam/12-adhyAyAH/granthAH/kumArilabhaTTaH/tantra-vArttikam/mUlam/3_1/13_vArtraghnyAdInAmAjyabhAgAngatAdhikaraNam/
13 शमितुरपृथक्त्वाधिकरणम् 	 karma-kANDam/12-adhyAyAH/granthAH/kumArilabhaTTaH/tantra-vArttikam/mUlam/3_7/13_shamiturapRthaktvAdhikaraNam/
13 संनिधौ फलादेः कर्मभेदकत्वाभावाधिकरणम् 	 karma-kANDam/12-adhyAyAH/granthAH/kumArilabhaTTaH/tantra-vArttikam/mUlam/2_3/13_saMnidhau_phalAdeH_karmabhedakatvAbhAvAdhikaraNam/
13 सौभराधिकरणम् 	 karma-kANDam/12-adhyAyAH/granthAH/kumArilabhaTTaH/tantra-vArttikam/mUlam/2_2/13_saubharAdhikaraNam/
14 	 karma-kANDam/12-adhyAyAH/granthAH/shalIkaNTaH/sarva-prastutiH/14/
14 अनुज्ञापूर्वकं भक्षणाधिकरणम् 	 karma-kANDam/12-adhyAyAH/granthAH/kumArilabhaTTaH/tantra-vArttikam/mUlam/3_5/14_anujnApUrvakaM_bhaxaNAdhikaraNam/
14 आग्नेयपुनःश्रुतेः स्तुत्यर्थताधिकरणम् 	 karma-kANDam/12-adhyAyAH/granthAH/kumArilabhaTTaH/tantra-vArttikam/mUlam/2_3/14_AgneyapunaHshruteH_stutyarthatAdhikaraNam/
14 आनन्तर्यानियामकत्वाधिकरणम् 	 karma-kANDam/12-adhyAyAH/granthAH/kumArilabhaTTaH/tantra-vArttikam/mUlam/3_1/14_AnantaryAniyAmakatvAdhikaraNam/
14 उपगातॄणामृत्विग्भ्योऽनन्यत्वाधिकरणम् 	 karma-kANDam/12-adhyAyAH/granthAH/kumArilabhaTTaH/tantra-vArttikam/mUlam/3_7/14_upagAtRRNAmRtvigbhyo_ananyatvAdhikaraNam/
14 करणमन्त्रेषु कर्मोपयोगिप्रकाश्यमानफलस्य ऋत्विग्गामित्वाधिकरणम् 	 karma-kANDam/12-adhyAyAH/granthAH/kumArilabhaTTaH/tantra-vArttikam/mUlam/3_8/14_karaNamantreShu_karmopayogiprakAshyamAnaphalasya_RtviggAmitvAdhikaraNam/
१४ चित्राक्षेपः 	 karma-kANDam/12-adhyAyAH/granthAH/kumArilabhaTTaH/shloka-vArttikam/umbeka-TIkA/14_chitrAxepaH/
14 पात्नीवतभक्षणे त्वष्टुरनुपलक्षणाधिकरणम् 	 karma-kANDam/12-adhyAyAH/granthAH/kumArilabhaTTaH/tantra-vArttikam/mUlam/3_2/14_pAtnIvatabhaxaNe_tvaShTuranupalaxaNAdhikaraNam/
14 पेषणस्य चरुविनियोगाधिकरणम् 	 karma-kANDam/12-adhyAyAH/granthAH/kumArilabhaTTaH/tantra-vArttikam/mUlam/3_3/14_peShaNasya_charuviniyogAdhikaraNam/
14 मुख्यमन्दसदृशप्रतिनिध्योः सामानविध्याधिकरणम् 	 karma-kANDam/12-adhyAyAH/granthAH/kumArilabhaTTaH/tantra-vArttikam/mUlam/3_6/14_mukhyamandasadRshapratinidhyoH_sAmAnavidhyAdhikaraNam/
14 यजुःपरिमाणाधिकरणम् 	 karma-kANDam/12-adhyAyAH/granthAH/kumArilabhaTTaH/tantra-vArttikam/mUlam/2_1/14_yajuHparimANAdhikaraNam/
14 सर्वप्रदानाधिकरणम् 	 karma-kANDam/12-adhyAyAH/granthAH/kumArilabhaTTaH/tantra-vArttikam/mUlam/3_4/14_sarvapradAnAdhikaraNam/
14 सामर्थ्याधिकरणम् 	 karma-kANDam/12-adhyAyAH/granthAH/kumArilabhaTTaH/tantra-vArttikam/mUlam/1_4/14_sAmarthyAdhikaraNam/
15 गुणकामानामाश्रयेण सह सामानविध्याभावाधिकरणम् 	 karma-kANDam/12-adhyAyAH/granthAH/kumArilabhaTTaH/tantra-vArttikam/mUlam/3_6/15_guNakAmAnAmAshrayeNa_saha_sAmAnavidhyAbhAvAdhikaraNam/
15 चतुर्धाकरणाधिकरणम् 	 karma-kANDam/12-adhyAyAH/granthAH/kumArilabhaTTaH/tantra-vArttikam/mUlam/3_1/15_chaturdhAkaraNAdhikaraNam/
15 द्रव्यसंस्काराणामङ्गप्रधानार्थताधिकरणम् 	 karma-kANDam/12-adhyAyAH/granthAH/kumArilabhaTTaH/tantra-vArttikam/mUlam/3_8/15_dravyasaMskArANAmangapradhAnArthatAdhikaraNam/
15 पात्नीवतभक्षणे त्रयस्त्रिंशतोऽनुपलक्षणाधिकरणम् 	 karma-kANDam/12-adhyAyAH/granthAH/kumArilabhaTTaH/tantra-vArttikam/mUlam/3_2/15_pAtnIvatabhaxaNe_trayastriMshato_anupalaxaNAdhikaraNam/
15 वाक्यभेदाधिकरणम् 	 karma-kANDam/12-adhyAyAH/granthAH/kumArilabhaTTaH/tantra-vArttikam/mUlam/2_1/15_vAkyabhedAdhikaraNam/
15 वैदिकमन्त्रेणानुज्ञापनाधिकरणम् 	 karma-kANDam/12-adhyAyAH/granthAH/kumArilabhaTTaH/tantra-vArttikam/mUlam/3_5/15_vaidikamantreNAnujnApanAdhikaraNam/
15 सर्वेभ्यः शेषकार्यानुष्ठानाधिकरणम् 	 karma-kANDam/12-adhyAyAH/granthAH/kumArilabhaTTaH/tantra-vArttikam/mUlam/3_4/15_sarvebhyaH_sheShakAryAnuShThAnAdhikaraNam/
15 सोमविक्रेतुर्वृतेभ्यः पृथक्त्वाधिकरणम् 	 karma-kANDam/12-adhyAyAH/granthAH/kumArilabhaTTaH/tantra-vArttikam/mUlam/3_7/15_somavikreturvRtebhyaH_pRthaktvAdhikaraNam/
१५ स्फोटवादः 	 karma-kANDam/12-adhyAyAH/granthAH/kumArilabhaTTaH/shloka-vArttikam/umbeka-TIkA/15_sphoTavAdaH/
16 अनुवषट्कारदेवतानुपलक्षणाधिकरणम् 	 karma-kANDam/12-adhyAyAH/granthAH/kumArilabhaTTaH/tantra-vArttikam/mUlam/3_2/16_anuvaShaTkAradevatAnupalaxaNAdhikaraNam/
16 अनुषङ्गाधिकरणम् 	 karma-kANDam/12-adhyAyAH/granthAH/kumArilabhaTTaH/tantra-vArttikam/mUlam/2_1/16_anuShangAdhikaraNam/
16 प्रथमोपस्थितेन शेषकार्यानुष्ठानाधिकरणम् 	 karma-kANDam/12-adhyAyAH/granthAH/kumArilabhaTTaH/tantra-vArttikam/mUlam/3_4/16_prathamopasthitena_sheShakAryAnuShThAnAdhikaraNam/
16 प्राकृतधर्माणां विकृतावपूर्वपदार्थानङ्गत्वाधिकरणम् 	 karma-kANDam/12-adhyAyAH/granthAH/kumArilabhaTTaH/tantra-vArttikam/mUlam/3_8/16_prAkRtadharmANAM_vikRtAvapUrvapadArthAnangatvAdhikaraNam/
16 वैदिकमन्त्रेणानुज्ञादानाधिकरणम् 	 karma-kANDam/12-adhyAyAH/granthAH/kumArilabhaTTaH/tantra-vArttikam/mUlam/3_5/16_vaidikamantreNAnujnAdAnAdhikaraNam/
16 सर्वेषामृत्विक्शब्दावाच्यताधिकरणम् 	 karma-kANDam/12-adhyAyAH/granthAH/kumArilabhaTTaH/tantra-vArttikam/mUlam/3_7/16_sarveShAmRtvikshabdAvAchyatAdhikaraNam/
17 इन्द्रपीताधिकरणोक्तद्वितीयोहपूर्वपक्षनिराकरणम् 	 karma-kANDam/12-adhyAyAH/granthAH/kumArilabhaTTaH/tantra-vArttikam/mUlam/3_2/17_indrapItAdhikaraNoktadvitIyohapUrvapaxanirAkaraNam/
17 चतुर्धाकरणस्य मक्षार्थताधिकरणम् 	 karma-kANDam/12-adhyAyAH/granthAH/kumArilabhaTTaH/tantra-vArttikam/mUlam/3_4/17_chaturdhAkaraNasya_maxArthatAdhikaraNam/
17 प्रकृतावपि लवनादेरसर्वार्थताधिकरणम् 	 karma-kANDam/12-adhyAyAH/granthAH/kumArilabhaTTaH/tantra-vArttikam/mUlam/3_8/17_prakRtAvapi_lavanAderasarvArthatAdhikaraNam/
17 ब्रह्मादीनामेव ऋत्विक्त्वनियमाधिकरणम् 	 karma-kANDam/12-adhyAyAH/granthAH/kumArilabhaTTaH/tantra-vArttikam/mUlam/3_7/17_brahmAdInAmeva_RtviktvaniyamAdhikaraNam/
17 यजमानस्य वषट्कारभक्षप्रतिपादनाधिकरणम् 	 karma-kANDam/12-adhyAyAH/granthAH/kumArilabhaTTaH/tantra-vArttikam/mUlam/3_5/17_yajamAnasya_vaShaTkArabhaxapratipAdanAdhikaraNam/
17 व्यवेताननुषङ्गाधिकरणम् 	 karma-kANDam/12-adhyAyAH/granthAH/kumArilabhaTTaH/tantra-vArttikam/mUlam/2_1/17_vyavetAnanuShangAdhikaraNam/
18 ऐन्द्राग्नभक्षस्यामन्त्रकत्वाधिकरणम् 	 karma-kANDam/12-adhyAyAH/granthAH/kumArilabhaTTaH/tantra-vArttikam/mUlam/3_2/18_aindrAgnabhaxasyAmantrakatvAdhikaraNam/
18 प्रकृतपुरोडाशादीनां निधानार्थताधिकरणम् 	 karma-kANDam/12-adhyAyAH/granthAH/kumArilabhaTTaH/tantra-vArttikam/mUlam/3_8/18_None/
18 फलचमसाधिकरणम् 	 karma-kANDam/12-adhyAyAH/granthAH/kumArilabhaTTaH/tantra-vArttikam/mUlam/3_5/18_phalachamasAdhikaraNam/
18 स्वामिनः सप्तदशत्वाधिकरणम् 	 karma-kANDam/12-adhyAyAH/granthAH/kumArilabhaTTaH/tantra-vArttikam/mUlam/3_7/18_svAminaH_saptadashatvAdhikaraNam/
19 उपांशुत्वस्य काम्येष्टिप्रधानमात्रार्थत्वाधिकरणम् 	 karma-kANDam/12-adhyAyAH/granthAH/kumArilabhaTTaH/tantra-vArttikam/mUlam/3_8/19_upAMshutvasya_kAmyeShTipradhAnamAtrArthatvAdhikaraNam/
19 गायत्रच्छन्दस इत्यादेर्नानाछन्दस्के विनियोगाधिकरणम् 	 karma-kANDam/12-adhyAyAH/granthAH/kumArilabhaTTaH/tantra-vArttikam/mUlam/3_2/19_gAyatrachChandasa_ityAdernAnAChandaske_viniyogAdhikaraNam/
19 राजन्यचमसे ब्राह्मणानां भक्षप्रतिपादनाधिकरणम् 	 karma-kANDam/12-adhyAyAH/granthAH/kumArilabhaTTaH/tantra-vArttikam/mUlam/3_5/19_rAjanyachamase_brAhmaNAnAM_bhaxapratipAdanAdhikaraNam/
19 समाख्ययाऽध्वर्य्वादीनां नियतपदार्थकर्तृताधिकरणम् 	 karma-kANDam/12-adhyAyAH/granthAH/kumArilabhaTTaH/tantra-vArttikam/mUlam/3_7/19_samAkhyayA_adhvaryvAdInAM_niyatapadArthakartRtAdhikaraNam/
2 	 karma-kANDam/12-adhyAyAH/granthAH/kumArilabhaTTaH/shloka-vArttikam/yudhiShThira-mImAMsakaH/2/
२ 	 karma-kANDam/12-adhyAyAH/granthAH/shabara-bhAShyam/03/2/
२ 	 karma-kANDam/12-adhyAyAH/granthAH/shabara-bhAShyam/04/2/
२ १ 	 karma-kANDam/12-adhyAyAH/granthAH/kumArilabhaTTaH/tantra-vArttikam/someshvaraH_nyAya-sudhA/2_1/
२ २ 	 karma-kANDam/12-adhyAyAH/granthAH/kumArilabhaTTaH/tantra-vArttikam/someshvaraH_nyAya-sudhA/2_2/
२ ३ 	 karma-kANDam/12-adhyAyAH/granthAH/kumArilabhaTTaH/tantra-vArttikam/someshvaraH_nyAya-sudhA/2_3/
२ ४ 	 karma-kANDam/12-adhyAyAH/granthAH/kumArilabhaTTaH/tantra-vArttikam/someshvaraH_nyAya-sudhA/2_4/
२ प्रमेयानि 	 karma-kANDam/12-adhyAyAH/granthAH/kumArilabhaTTaH/nArAyaNa-bhaTTaH_mAna-meyodayaH/2_prameyAni/
20 इन्द्रपीताधिकरणम् 	 karma-kANDam/12-adhyAyAH/granthAH/kumArilabhaTTaH/tantra-vArttikam/mUlam/3_2/20_indrapItAdhikaraNam/
20 दृतिनवनीताज्यस्य श्येनप्रयोगान्तर्वर्त्याज्यकार्यार्थताधिकरणम् 	 karma-kANDam/12-adhyAyAH/granthAH/kumArilabhaTTaH/tantra-vArttikam/mUlam/3_8/20_dRtinavanItAjyasya_shyenaprayogAntarvartyAjyakAryArthatAdhikaraNam/
20 सामान्यसमाख्यातकर्तुर्विशेषसमाख्यादिना बाधाधिकरणम् 	 karma-kANDam/12-adhyAyAH/granthAH/kumArilabhaTTaH/tantra-vArttikam/mUlam/3_7/20_sAmAnyasamAkhyAtakarturvisheShasamAkhyAdinA_bAdhAdhikaraNam/
21 प्रैषान्तानुवचनेष्वेव मैत्रावरुणस्य कर्तृतानियमाधिकरणम् 	 karma-kANDam/12-adhyAyAH/granthAH/kumArilabhaTTaH/tantra-vArttikam/mUlam/3_7/21_praiShAntAnuvachaneShveva_maitrAvaruNasya_kartRtAniyamAdhikaraNam/
21 सर्वेषामेव श्येनीयाज्यकार्याणां दृतिनवनीताधिकरणम् 	 karma-kANDam/12-adhyAyAH/granthAH/kumArilabhaTTaH/tantra-vArttikam/mUlam/3_8/21_sarveShAmeva_shyenIyAjyakAryANAM_dRtinavanItAdhikaraNam/
22 चमसहोमेष्वध्वर्युकर्तृत्वाधिकरणम् 	 karma-kANDam/12-adhyAyAH/granthAH/kumArilabhaTTaH/tantra-vArttikam/mUlam/3_7/22_chamasahomeShvadhvaryukartRtvAdhikaraNam/
22 सवनीयहविषां मांसमयत्वाधिकरणम् 	 karma-kANDam/12-adhyAyAH/granthAH/kumArilabhaTTaH/tantra-vArttikam/mUlam/3_8/22_savanIyahaviShAM_mAMsamayatvAdhikaraNam/
23 श्येनादौ प्राकृताङ्गेषु नानाकर्तृकत्वाधिकरणम् 	 karma-kANDam/12-adhyAyAH/granthAH/kumArilabhaTTaH/tantra-vArttikam/mUlam/3_7/23_shyenAdau_prAkRtAngeShu_nAnAkartRkatvAdhikaraNam/
3 	 karma-kANDam/12-adhyAyAH/granthAH/kumArilabhaTTaH/shloka-vArttikam/yudhiShThira-mImAMsakaH/3/
३ 	 karma-kANDam/12-adhyAyAH/granthAH/shabara-bhAShyam/03/3/
३ 	 karma-kANDam/12-adhyAyAH/granthAH/shabara-bhAShyam/04/3/
३ 	 karma-kANDam/12-adhyAyAH/granthAH/shabara-bhAShyam/05/3/
३ १ 	 karma-kANDam/12-adhyAyAH/granthAH/kumArilabhaTTaH/tantra-vArttikam/someshvaraH_nyAya-sudhA/3_1/
३ २ 	 karma-kANDam/12-adhyAyAH/granthAH/kumArilabhaTTaH/tantra-vArttikam/someshvaraH_nyAya-sudhA/3_2/
३ ३ 	 karma-kANDam/12-adhyAyAH/granthAH/kumArilabhaTTaH/tantra-vArttikam/someshvaraH_nyAya-sudhA/3_3/
३ ४ 	 karma-kANDam/12-adhyAyAH/granthAH/kumArilabhaTTaH/tantra-vArttikam/someshvaraH_nyAya-sudhA/3_4/
३ जातिः 	 karma-kANDam/12-adhyAyAH/granthAH/kumArilabhaTTaH/nArAyaNa-bhaTTaH_mAna-meyodayaH/3_jAtiH/
4 	 karma-kANDam/12-adhyAyAH/granthAH/kumArilabhaTTaH/shloka-vArttikam/yudhiShThira-mImAMsakaH/4/
४ 	 karma-kANDam/12-adhyAyAH/granthAH/shabara-bhAShyam/03/4/
४ 	 karma-kANDam/12-adhyAyAH/granthAH/shabara-bhAShyam/05/4/
४ 	 karma-kANDam/12-adhyAyAH/granthAH/shabara-bhAShyam/06/4/
४ गुणः 	 karma-kANDam/12-adhyAyAH/granthAH/kumArilabhaTTaH/nArAyaNa-bhaTTaH_mAna-meyodayaH/4_guNaH/
5 	 karma-kANDam/12-adhyAyAH/granthAH/kumArilabhaTTaH/shloka-vArttikam/yudhiShThira-mImAMsakaH/5/
५ 	 karma-kANDam/12-adhyAyAH/granthAH/shabara-bhAShyam/03/5/
५ 	 karma-kANDam/12-adhyAyAH/granthAH/shabara-bhAShyam/06/5/
५ कर्म 	 karma-kANDam/12-adhyAyAH/granthAH/kumArilabhaTTaH/nArAyaNa-bhaTTaH_mAna-meyodayaH/5_karma/
6 	 karma-kANDam/12-adhyAyAH/granthAH/kumArilabhaTTaH/shloka-vArttikam/yudhiShThira-mImAMsakaH/6/
६ 	 karma-kANDam/12-adhyAyAH/granthAH/shabara-bhAShyam/03/6/
६ 	 karma-kANDam/12-adhyAyAH/granthAH/shabara-bhAShyam/06/6/
६ अभाव: 	 karma-kANDam/12-adhyAyAH/granthAH/kumArilabhaTTaH/nArAyaNa-bhaTTaH_mAna-meyodayaH/6_abhAva/
7 	 karma-kANDam/12-adhyAyAH/granthAH/kumArilabhaTTaH/shloka-vArttikam/yudhiShThira-mImAMsakaH/7/
७ 	 karma-kANDam/12-adhyAyAH/granthAH/shabara-bhAShyam/03/7/
७ 	 karma-kANDam/12-adhyAyAH/granthAH/shabara-bhAShyam/06/7/
७ उपसंहारः 	 karma-kANDam/12-adhyAyAH/granthAH/kumArilabhaTTaH/nArAyaNa-bhaTTaH_mAna-meyodayaH/7_upasaMhAraH/
८ 	 karma-kANDam/12-adhyAyAH/granthAH/shabara-bhAShyam/03/8/
८ 	 karma-kANDam/12-adhyAyAH/granthAH/shabara-bhAShyam/06/8/
bAdari-view 	 karma-kANDam/12-adhyAyAH/meta/articles/bAdari-view/
Categories 	 categories/
deontics 	 karma-kANDam/12-adhyAyAH/meta/articles/elisa/deontics/
En 	 karma-kANDam/sankarSha-kANDam/en/
KastUri kRShNa lekhaH 	 devatA-kANDam/articles/kastUri-kRShNa-lekhaH/
kumArIla on buddhists 	 karma-kANDam/12-adhyAyAH/meta/articles/kumArIla_on_buddhists/
ManjushrI sophist summary 	 karma-kANDam/12-adhyAyAH/meta/articles/manjushrI-sophist-summary/
mUlam 	 karma-kANDam/sankarSha-kANDam/hoshiyArpura-muLam/
MUM mUlam 	 karma-kANDam/sankarSha-kANDam/MUM_mUlam/
rAmasvAmi shAstrI 	 karma-kANDam/sankarSha-kANDam/articles/rAmasvAmi-shAstrI/
Sarvamatasangraha quote 	 karma-kANDam/sankarSha-kANDam/articles/sarvamatasangraha-quote/
Sarvasiddhantasamgraha quote 	 karma-kANDam/sankarSha-kANDam/articles/sarvasiddhantasamgraha-quote/
Shabara cites sankarsha 	 karma-kANDam/sankarSha-kANDam/articles/shabara_cites_sankarsha/
Shankara cites the sankarsha kanda 	 karma-kANDam/sankarSha-kANDam/articles/shankara_cites_the_sankarsha_kanda/
Sucaritamisra: Mimamsaslokavarttikakasika 	 karma-kANDam/12-adhyAyAH/granthAH/shalIkaNTaH/sarva-prastutiH/sucharitamisra_mimamsaslokavarttikakasika/
Summaries 	 karma-kANDam/12-adhyAyAH/meta/summaries/
svadhA-drift 	 karma-kANDam/12-adhyAyAH/bodhaH/veda-vAkyam/shabdArthaH/articles/svadhA-drift/
Tags 	 tags/
अङ्गत्व-प्रमाणानि 	 karma-kANDam/12-adhyAyAH/bodhaH/angatva-pramANAni/
अनुष्ठान-सन्देह-निवारक-न्यायः 	 karma-kANDam/12-adhyAyAH/anuShThAna-nirNaya-nyAyaH/
अपूर्वम् 	 karma-kANDam/12-adhyAyAH/apUrvam/
अर्थवादः 	 karma-kANDam/12-adhyAyAH/bodhaH/veda-vAkyam/arthavAdaH/
अर्थसंग्रहः 	 karma-kANDam/12-adhyAyAH/granthAH/laugAxibhAskaraH/arthasaMgrahaH/
उपयुक्त-मीमांसा 	 karma-kANDam/12-adhyAyAH/granthAH/rAmAnuja-sampradAyaH/uttamUru-vIrarAghavaH/upayukta-mImAMsA/
कर्म 	 karma-kANDam/12-adhyAyAH/karma/
कवि-मदन-शम्भुः (प्रथमः भागः) 	 karma-kANDam/12-adhyAyAH/granthAH/kumArilabhaTTaH/khaNDadevaH/kavi-madhana-shambhuH_prabhAvatI/
काशिका 	 karma-kANDam/12-adhyAyAH/granthAH/kumArilabhaTTaH/shloka-vArttikam/kAshikA/
कोरड-सुब्रह्मण्य-लेखः 	 devatA-kANDam/articles/koraDa-subrahmaNya-lekhaH/
ग्रन्थाध्ययनम् 	 karma-kANDam/12-adhyAyAH/bodhaH/granthAdhyayanam/
तत्त्वोपप्लवमीमांसा 	 karma-kANDam/12-adhyAyAH/granthAH/tattvopaplavamImAMsA/
तन्त्ररहस्यम् 	 dharmapurI-rAmAnujaH/tantrarahasyam/
तात्पर्यनिर्णयः 	 karma-kANDam/12-adhyAyAH/bodhaH/tAtparyanirNayaH/
दर्शनेषु मीमांसायाः स्थानम् 	 karma-kANDam/12-adhyAyAH/meta/articles/mahAprabhulAlgosvAmI/darshaneShu_mImAMsAyAH_sthAnam/
नयविवेकः 	 karma-kANDam/12-adhyAyAH/granthAH/bhavanAthaH/nayavivekaH/
नयविवेकदीपिका 	 karma-kANDam/12-adhyAyAH/granthAH/varadarAjabudhavaryaH/nayavivekadIpikA/
न्यायकल्पलतिका 	 karma-kANDam/12-adhyAyAH/granthAH/vidyAsAgara-AnandapUrNamunIndraH/nyAyakalpalatikA/
न्यायपरिशिष्टपञ्चिका 	 karma-kANDam/12-adhyAyAH/granthAH/vAmeshvaradhvajaH/nyAyaparishiShTapanchikA/
पद-वृत्ति-बलम् 	 karma-kANDam/12-adhyAyAH/bodhaH/nyAyaH/pada-vRtti-balam/
प्रकरणपञ्चिका 	 karma-kANDam/12-adhyAyAH/granthAH/shalIkaNTaH/eb/
प्रभाकरविजयः 	 karma-kANDam/12-adhyAyAH/granthAH/prabhAkaramishraH/nandIshvaraH/prabhAkaravijayaH/
प्रमाण-बलम् 	 karma-kANDam/12-adhyAyAH/bodhaH/nyAyaH/pramANa-balam/
बहुवचनसङ्ख्या 	 karma-kANDam/12-adhyAyAH/bodhaH/nyAyaH/bahuvachana-sankhyA/
बृहती 	 karma-kANDam/12-adhyAyAH/granthAH/prabhAkaramishraH/bRhatI/
भाट्टदीपिका 	 karma-kANDam/12-adhyAyAH/granthAH/kumArilabhaTTaH/khaNDadevaH/bhATTadIpikA/
भाट्टभाषाप्रकाशः 	 karma-kANDam/12-adhyAyAH/granthAH/kumArilabhaTTaH/nArAyaNatIrthamuniH/bhATTabhAShAprakAshaH/
मणि-द्राविड-लेखः 	 devatA-kANDam/articles/maNi-drAviDa-lekhaH/
मन्त्रः 	 karma-kANDam/12-adhyAyAH/bodhaH/veda-vAkyam/mantraH/
माधवानन्दानुवादः 	 karma-kANDam/12-adhyAyAH/granthAH/kRShNa-yajvA_mImAMsA-paribhAShA/mAdhavAnandAnuvAdaH/
मीमांसान्यायप्रकाशः 	 karma-kANDam/12-adhyAyAH/bodhaH/nyAyaH/ApadevaH/mImAMsAnyAyaprakAshaH/
मीमांसामञ्जरी 	 karma-kANDam/12-adhyAyAH/granthAH/kumArilabhaTTaH/mImAMsAmanjarI/
मीमांसाश्लोकवार्तिककाशिका प्रथमभागः 	 karma-kANDam/12-adhyAyAH/granthAH/kumArilabhaTTaH/shloka-vArttikam/sucharitamishraH/mImAMsAshlokavArtikakAshikA_prathamabhAgaH/
मूलम् 	 karma-kANDam/12-adhyAyAH/granthAH/kRShNa-yajvA_mImAMsA-paribhAShA/mUlam/
मूलम् 	 karma-kANDam/12-adhyAyAH/granthAH/kumArilabhaTTaH/shloka-vArttikam/mUlam/
मेय-सङ्ग्रहः 	 karma-kANDam/12-adhyAyAH/granthAH/rAmAnuja-sampradAyaH/uttamUru-vIrarAghavaH/meya-sangrahaH/
लघुवार्तिकम् 	 karma-kANDam/12-adhyAyAH/granthAH/kumArilabhaTTaH/kumArilasvAmI/laghuvArtikam/
वाक्य-तात्पर्यार्थ-निर्णायका-न्यायः 	 karma-kANDam/12-adhyAyAH/bodhaH/nyAyaH/
वाक्यशेषः 	 karma-kANDam/12-adhyAyAH/bodhaH/nyAyaH/vAkyasheShaH/
विधिः 	 karma-kANDam/12-adhyAyAH/bodhaH/veda-vAkyam/vidhiH/
विधित्रयपरित्राणम् 	 karma-kANDam/12-adhyAyAH/granthAH/venkaTAchAryadIxitaH/vidhitrayaparitrANam/
विधिविवेकः 	 karma-kANDam/12-adhyAyAH/granthAH/vidhi-vivekaH_nyAya-kaNikA/
विवेकतत्त्वम् 	 karma-kANDam/12-adhyAyAH/granthAH/ravidevaH/vivekatattvam/
विशेषण-विवक्षा 	 karma-kANDam/12-adhyAyAH/bodhaH/nyAyaH/visheShaNa-vivaxA/
शारीरकाधिकरणरत्नमालाप्रकाशः 	 karma-kANDam/12-adhyAyAH/granthAH/deshikAchAryaH/shArIrakAdhikaraNaratnamAlAprakAshaH/
शास्त्रदीपिका 	 karma-kANDam/12-adhyAyAH/granthAH/kumArilabhaTTaH/pArthasArathimishraH/shAstradIpikA/
सङ्गतिः 	 karma-kANDam/12-adhyAyAH/bodhaH/sangatiH/
सर्व-प्रस्तुतिः 	 karma-kANDam/12-adhyAyAH/granthAH/kRShNa-yajvA_mImAMsA-paribhAShA/sarva-prastutiH/
सूत्राणि 	 devatA-kANDam/sUtrANi/
सूत्राणि 	 karma-kANDam/12-adhyAyAH/granthAH/sUtrANi/
सूत्राणि alt 	 karma-kANDam/12-adhyAyAH/granthAH/sUtrANi_alt/
सेश्वर-मीमांसा 	 karma-kANDam/12-adhyAyAH/granthAH/seshvara-mImAMsA/
🥽🔦 	 search/
